{ "time": "2026-07-08 00:00:00.0851", "level": "INFO", "threadid": ".NET TP Worker", "message": "ConnectionString.ApplicationName NULL: applied default value 'StartupWEBAPI_admin'", "logger": "TeamSystem.AlyCE" }
{ "time": "2026-07-08 00:00:00.1516", "level": "INFO", "threadid": ".NET TP Worker", "message": "Culture explicitely set as 'AlyCEUICulture: it-IT - AlyCECulture: it-IT'; user configurations ignored", "logger": "TeamSystem.AlyCE" }
{ "time": "2026-07-08 00:00:00.1600", "level": "WARN", "threadid": ".NET TP Worker", "environment": "GDB_TSE10_2189", "username": "admin", "company": "0", "message": "MakeSubscriptionOptions - A FW Job has been invoked but it would be good to specify the destination input module!", "logger": "TeamSystem.AlyCE" }
{ "time": "2026-07-08 00:00:00.2117", "level": "INFO", "threadid": ".NET Long Running Task", "environment": "GDB_TSE10_2189", "username": "admin", "company": "0", "message": "ConnectionString.ApplicationName NULL: applied default value 'StartupWEBAPI_admin'", "logger": "TeamSystem.AlyCE" }
{ "time": "2026-07-08 00:00:00.2117", "level": "INFO", "threadid": ".NET Long Running Task", "environment": "GDB_TSE10_2189", "username": "admin", "company": "0", "message": "Culture explicitely set as 'AlyCEUICulture: it-IT - AlyCECulture: it-IT'; user configurations ignored", "logger": "TeamSystem.AlyCE" }
{ "time": "2026-07-08 00:00:00.2117", "level": "WARN", "threadid": ".NET Long Running Task", "environment": "GDB_TSE10_2189", "username": "admin", "company": "0", "message": "'ICompanyContract' null for 'aziendaCorrente'='0'", "logger": "TeamSystem.AlyCE" }
{ "time": "2026-07-08 00:00:00.2559", "level": "INFO", "threadid": ".NET Long Running Task", "environment": "GDB_TSE10_2189", "username": "admin", "company": "0", "message": "ExecuteInternal of CleanProcessingJob started with payload {}", "logger": "TeamSystem.AlyCE" }
{ "time": "2026-07-08 00:00:00.3209", "level": "INFO", "threadid": ".NET Long Running Task", "environment": "GDB_TSE10_2189", "username": "admin", "company": "0", "message": "Job executed CLEAN_PROCESSING_DETAILS id: 127639 in 00:00:00.0717801", "logger": "TeamSystem.AlyCE.Services.Requests" }
{ "time": "2026-07-08 00:16:00.0039", "level": "INFO", "threadid": ".NET TP Worker", "message": "ConnectionString.ApplicationName NULL: applied default value 'StartupWEBAPI_admin'", "logger": "TeamSystem.AlyCE" }
{ "time": "2026-07-08 00:16:00.0039", "level": "INFO", "threadid": ".NET TP Worker", "message": "Culture explicitely set as 'AlyCEUICulture: it-IT - AlyCECulture: it-IT'; user configurations ignored", "logger": "TeamSystem.AlyCE" }
{ "time": "2026-07-08 00:16:00.0116", "level": "INFO", "threadid": ".NET Long Running Task", "environment": "GDB_TSE10_2189", "username": "admin", "company": "0", "message": "ConnectionString.ApplicationName NULL: applied default value 'StartupWEBAPI_admin'", "logger": "TeamSystem.AlyCE" }
{ "time": "2026-07-08 00:16:00.0116", "level": "INFO", "threadid": ".NET Long Running Task", "environment": "GDB_TSE10_2189", "username": "admin", "company": "0", "message": "Culture explicitely set as 'AlyCEUICulture: it-IT - AlyCECulture: it-IT'; user configurations ignored", "logger": "TeamSystem.AlyCE" }
{ "time": "2026-07-08 00:16:00.0116", "level": "WARN", "threadid": ".NET Long Running Task", "environment": "GDB_TSE10_2189", "username": "admin", "company": "0", "message": "'ICompanyContract' null for 'aziendaCorrente'='0'", "logger": "TeamSystem.AlyCE" }
{ "time": "2026-07-08 00:16:00.0460", "level": "INFO", "threadid": ".NET Long Running Task", "environment": "GDB_TSE10_2189", "username": "admin", "company": "0", "message": "Job executed PGMEXECCHECKER id: 127640 in 00:00:00.0141969", "logger": "TeamSystem.AlyCE.Services.Requests" }
{ "time": "2026-07-08 00:32:00.0208", "level": "INFO", "threadid": ".NET TP Worker", "message": "ConnectionString.ApplicationName NULL: applied default value 'StartupWEBAPI_admin'", "logger": "TeamSystem.AlyCE" }
{ "time": "2026-07-08 00:32:00.0208", "level": "INFO", "threadid": ".NET TP Worker", "message": "Culture explicitely set as 'AlyCEUICulture: it-IT - AlyCECulture: it-IT'; user configurations ignored", "logger": "TeamSystem.AlyCE" }
{ "time": "2026-07-08 00:32:00.0208", "level": "WARN", "threadid": ".NET TP Worker", "environment": "GDB_TSE10_2189", "username": "admin", "company": "0", "message": "MakeSubscriptionOptions - A FW Job has been invoked but it would be good to specify the destination input module!", "logger": "TeamSystem.AlyCE" }
{ "time": "2026-07-08 00:32:00.0419", "level": "INFO", "threadid": ".NET Long Running Task", "environment": "GDB_TSE10_2189", "username": "admin", "company": "0", "message": "ConnectionString.ApplicationName NULL: applied default value 'StartupWEBAPI_admin'", "logger": "TeamSystem.AlyCE" }
{ "time": "2026-07-08 00:32:00.0419", "level": "INFO", "threadid": ".NET Long Running Task", "environment": "GDB_TSE10_2189", "username": "admin", "company": "0", "message": "Culture explicitely set as 'AlyCEUICulture: it-IT - AlyCECulture: it-IT'; user configurations ignored", "logger": "TeamSystem.AlyCE" }
{ "time": "2026-07-08 00:32:00.0419", "level": "WARN", "threadid": ".NET Long Running Task", "environment": "GDB_TSE10_2189", "username": "admin", "company": "0", "message": "'ICompanyContract' null for 'aziendaCorrente'='0'", "logger": "TeamSystem.AlyCE" }
{ "time": "2026-07-08 00:32:00.0419", "level": "INFO", "threadid": ".NET Long Running Task", "environment": "GDB_TSE10_2189", "username": "admin", "company": "0", "message": "ExecuteInternal of CleanProcessingJob started with payload {}", "logger": "TeamSystem.AlyCE" }
{ "time": "2026-07-08 00:32:00.0671", "level": "INFO", "threadid": ".NET Long Running Task", "environment": "GDB_TSE10_2189", "username": "admin", "company": "0", "message": "Job executed CLEAN_PROCESSING_DETAILS id: 127641 in 00:00:00.0155788", "logger": "TeamSystem.AlyCE.Services.Requests" }
{ "time": "2026-07-08 01:00:00.0086", "level": "INFO", "threadid": ".NET TP Worker", "message": "ConnectionString.ApplicationName NULL: applied default value 'StartupWEBAPI_admin'", "logger": "TeamSystem.AlyCE" }
{ "time": "2026-07-08 01:00:00.0086", "level": "INFO", "threadid": ".NET TP Worker", "message": "Culture explicitely set as 'AlyCEUICulture: it-IT - AlyCECulture: it-IT'; user configurations ignored", "logger": "TeamSystem.AlyCE" }
{ "time": "2026-07-08 01:00:00.0086", "level": "WARN", "threadid": ".NET TP Worker", "environment": "GDB_TSE10_2189", "username": "admin", "company": "0", "message": "MakeSubscriptionOptions - A FW Job has been invoked but it would be good to specify the destination input module!", "logger": "TeamSystem.AlyCE" }
{ "time": "2026-07-08 01:00:00.0647", "level": "INFO", "threadid": ".NET Long Running Task", "environment": "GDB_TSE10_2189", "username": "admin", "company": "0", "message": "ConnectionString.ApplicationName NULL: applied default value 'StartupWEBAPI_admin'", "logger": "TeamSystem.AlyCE" }
{ "time": "2026-07-08 01:00:00.0720", "level": "INFO", "threadid": ".NET Long Running Task", "environment": "GDB_TSE10_2189", "username": "admin", "company": "0", "message": "Culture explicitely set as 'AlyCEUICulture: it-IT - AlyCECulture: it-IT'; user configurations ignored", "logger": "TeamSystem.AlyCE" }
{ "time": "2026-07-08 01:00:00.0720", "level": "WARN", "threadid": ".NET Long Running Task", "environment": "GDB_TSE10_2189", "username": "admin", "company": "0", "message": "'ICompanyContract' null for 'aziendaCorrente'='0'", "logger": "TeamSystem.AlyCE" }
{ "time": "2026-07-08 01:00:00.1385", "level": "INFO", "threadid": ".NET Long Running Task", "environment": "GDB_TSE10_2189", "username": "admin", "company": "0", "message": "ExecuteInternal of CleanProcessingJob started with payload {}", "logger": "TeamSystem.AlyCE" }
{ "time": "2026-07-08 01:00:00.1463", "level": "INFO", "threadid": ".NET Long Running Task", "environment": "GDB_TSE10_2189", "username": "admin", "company": "0", "message": "Job executed CLEAN_PROCESSING_DETAILS id: 127642 in 00:00:00.0172018", "logger": "TeamSystem.AlyCE.Services.Requests" }
{ "time": "2026-07-08 01:30:00.0137", "level": "INFO", "threadid": ".NET TP Worker", "message": "ConnectionString.ApplicationName NULL: applied default value 'StartupWEBAPI_admin'", "logger": "TeamSystem.AlyCE" }
{ "time": "2026-07-08 01:30:00.0199", "level": "INFO", "threadid": ".NET TP Worker", "message": "Culture explicitely set as 'AlyCEUICulture: it-IT - AlyCECulture: it-IT'; user configurations ignored", "logger": "TeamSystem.AlyCE" }
{ "time": "2026-07-08 01:30:00.0199", "level": "WARN", "threadid": ".NET TP Worker", "environment": "GDB_TSE10_2189", "username": "admin", "company": "0", "message": "MakeSubscriptionOptions - A FW Job has been invoked but it would be good to specify the destination input module!", "logger": "TeamSystem.AlyCE" }
{ "time": "2026-07-08 01:30:00.0445", "level": "INFO", "threadid": ".NET Long Running Task", "environment": "GDB_TSE10_2189", "username": "admin", "company": "0", "message": "ConnectionString.ApplicationName NULL: applied default value 'StartupWEBAPI_admin'", "logger": "TeamSystem.AlyCE" }
{ "time": "2026-07-08 01:30:00.0445", "level": "INFO", "threadid": ".NET Long Running Task", "environment": "GDB_TSE10_2189", "username": "admin", "company": "0", "message": "Culture explicitely set as 'AlyCEUICulture: it-IT - AlyCECulture: it-IT'; user configurations ignored", "logger": "TeamSystem.AlyCE" }
{ "time": "2026-07-08 01:30:00.0445", "level": "WARN", "threadid": ".NET Long Running Task", "environment": "GDB_TSE10_2189", "username": "admin", "company": "0", "message": "'ICompanyContract' null for 'aziendaCorrente'='0'", "logger": "TeamSystem.AlyCE" }
{ "time": "2026-07-08 01:30:00.0655", "level": "INFO", "threadid": ".NET Long Running Task", "environment": "GDB_TSE10_2189", "username": "admin", "company": "0", "message": "ExecuteInternal of CleanProcessingJob started with payload {}", "logger": "TeamSystem.AlyCE" }
{ "time": "2026-07-08 01:30:00.0655", "level": "INFO", "threadid": ".NET Long Running Task", "environment": "GDB_TSE10_2189", "username": "admin", "company": "0", "message": "Job executed CLEAN_PROCESSING_DETAILS id: 127643 in 00:00:00.0115416", "logger": "TeamSystem.AlyCE.Services.Requests" }
{ "time": "2026-07-08 02:00:00.0326", "level": "INFO", "threadid": ".NET TP Worker", "message": "ConnectionString.ApplicationName NULL: applied default value 'StartupWEBAPI_admin'", "logger": "TeamSystem.AlyCE" }
{ "time": "2026-07-08 02:00:00.0550", "level": "INFO", "threadid": ".NET TP Worker", "message": "Culture explicitely set as 'AlyCEUICulture: it-IT - AlyCECulture: it-IT'; user configurations ignored", "logger": "TeamSystem.AlyCE" }
{ "time": "2026-07-08 02:00:00.0609", "level": "WARN", "threadid": ".NET TP Worker", "environment": "GDB_TSE10_2189", "username": "admin", "company": "0", "message": "MakeSubscriptionOptions - A FW Job has been invoked but it would be good to specify the destination input module!", "logger": "TeamSystem.AlyCE" }
{ "time": "2026-07-08 02:00:00.0758", "level": "INFO", "threadid": ".NET Long Running Task", "environment": "GDB_TSE10_2189", "username": "admin", "company": "0", "message": "ConnectionString.ApplicationName NULL: applied default value 'StartupWEBAPI_admin'", "logger": "TeamSystem.AlyCE" }
{ "time": "2026-07-08 02:00:00.0758", "level": "INFO", "threadid": ".NET Long Running Task", "environment": "GDB_TSE10_2189", "username": "admin", "company": "0", "message": "Culture explicitely set as 'AlyCEUICulture: it-IT - AlyCECulture: it-IT'; user configurations ignored", "logger": "TeamSystem.AlyCE" }
{ "time": "2026-07-08 02:00:00.0758", "level": "WARN", "threadid": ".NET Long Running Task", "environment": "GDB_TSE10_2189", "username": "admin", "company": "0", "message": "'ICompanyContract' null for 'aziendaCorrente'='0'", "logger": "TeamSystem.AlyCE" }
{ "time": "2026-07-08 02:00:00.0954", "level": "INFO", "threadid": ".NET Long Running Task", "environment": "GDB_TSE10_2189", "username": "admin", "company": "0", "message": "ExecuteInternal of CleanProcessingJob started with payload {}", "logger": "TeamSystem.AlyCE" }
{ "time": "2026-07-08 02:00:00.0954", "level": "INFO", "threadid": ".NET Long Running Task", "environment": "GDB_TSE10_2189", "username": "admin", "company": "0", "message": "Job executed CLEAN_PROCESSING_DETAILS id: 127644 in 00:00:00.0173052", "logger": "TeamSystem.AlyCE.Services.Requests" }
{ "time": "2026-07-08 02:30:00.0169", "level": "INFO", "threadid": ".NET TP Worker", "message": "ConnectionString.ApplicationName NULL: applied default value 'StartupWEBAPI_admin'", "logger": "TeamSystem.AlyCE" }
{ "time": "2026-07-08 02:30:00.0169", "level": "INFO", "threadid": ".NET TP Worker", "message": "Culture explicitely set as 'AlyCEUICulture: it-IT - AlyCECulture: it-IT'; user configurations ignored", "logger": "TeamSystem.AlyCE" }
{ "time": "2026-07-08 02:30:00.0273", "level": "WARN", "threadid": ".NET TP Worker", "environment": "GDB_TSE10_2189", "username": "admin", "company": "0", "message": "MakeSubscriptionOptions - A FW Job has been invoked but it would be good to specify the destination input module!", "logger": "TeamSystem.AlyCE" }
{ "time": "2026-07-08 02:30:00.0450", "level": "INFO", "threadid": ".NET Long Running Task", "environment": "GDB_TSE10_2189", "username": "admin", "company": "0", "message": "ConnectionString.ApplicationName NULL: applied default value 'StartupWEBAPI_admin'", "logger": "TeamSystem.AlyCE" }
{ "time": "2026-07-08 02:30:00.0450", "level": "INFO", "threadid": ".NET Long Running Task", "environment": "GDB_TSE10_2189", "username": "admin", "company": "0", "message": "Culture explicitely set as 'AlyCEUICulture: it-IT - AlyCECulture: it-IT'; user configurations ignored", "logger": "TeamSystem.AlyCE" }
{ "time": "2026-07-08 02:30:00.0450", "level": "WARN", "threadid": ".NET Long Running Task", "environment": "GDB_TSE10_2189", "username": "admin", "company": "0", "message": "'ICompanyContract' null for 'aziendaCorrente'='0'", "logger": "TeamSystem.AlyCE" }
{ "time": "2026-07-08 02:30:00.2438", "level": "INFO", "threadid": ".NET Long Running Task", "environment": "GDB_TSE10_2189", "username": "admin", "company": "0", "message": "ExecuteInternal of CleanProcessingJob started with payload {}", "logger": "TeamSystem.AlyCE" }
{ "time": "2026-07-08 02:30:00.2508", "level": "INFO", "threadid": ".NET Long Running Task", "environment": "GDB_TSE10_2189", "username": "admin", "company": "0", "message": "Job executed CLEAN_PROCESSING_DETAILS id: 127645 in 00:00:00.0152020", "logger": "TeamSystem.AlyCE.Services.Requests" }
{ "time": "2026-07-08 03:00:00.3654", "level": "INFO", "threadid": ".NET TP Worker", "message": "ConnectionString.ApplicationName NULL: applied default value 'StartupWEBAPI_admin'", "logger": "TeamSystem.AlyCE" }
{ "time": "2026-07-08 03:00:00.3796", "level": "INFO", "threadid": ".NET TP Worker", "message": "Culture explicitely set as 'AlyCEUICulture: it-IT - AlyCECulture: it-IT'; user configurations ignored", "logger": "TeamSystem.AlyCE" }
{ "time": "2026-07-08 03:00:00.3796", "level": "WARN", "threadid": ".NET TP Worker", "environment": "GDB_TSE10_2189", "username": "admin", "company": "0", "message": "MakeSubscriptionOptions - A FW Job has been invoked but it would be good to specify the destination input module!", "logger": "TeamSystem.AlyCE" }
{ "time": "2026-07-08 03:00:00.3996", "level": "INFO", "threadid": ".NET Long Running Task", "environment": "GDB_TSE10_2189", "username": "admin", "company": "0", "message": "ConnectionString.ApplicationName NULL: applied default value 'StartupWEBAPI_admin'", "logger": "TeamSystem.AlyCE" }
{ "time": "2026-07-08 03:00:00.3996", "level": "INFO", "threadid": ".NET Long Running Task", "environment": "GDB_TSE10_2189", "username": "admin", "company": "0", "message": "Culture explicitely set as 'AlyCEUICulture: it-IT - AlyCECulture: it-IT'; user configurations ignored", "logger": "TeamSystem.AlyCE" }
{ "time": "2026-07-08 03:00:00.3996", "level": "WARN", "threadid": ".NET Long Running Task", "environment": "GDB_TSE10_2189", "username": "admin", "company": "0", "message": "'ICompanyContract' null for 'aziendaCorrente'='0'", "logger": "TeamSystem.AlyCE" }
{ "time": "2026-07-08 03:00:00.4292", "level": "INFO", "threadid": ".NET Long Running Task", "environment": "GDB_TSE10_2189", "username": "admin", "company": "0", "message": "ExecuteInternal of CleanProcessingJob started with payload {}", "logger": "TeamSystem.AlyCE" }
{ "time": "2026-07-08 03:00:00.4292", "level": "INFO", "threadid": ".NET Long Running Task", "environment": "GDB_TSE10_2189", "username": "admin", "company": "0", "message": "Job executed CLEAN_PROCESSING_DETAILS id: 127646 in 00:00:00.0161100", "logger": "TeamSystem.AlyCE.Services.Requests" }
{ "time": "2026-07-08 03:30:00.0212", "level": "INFO", "threadid": ".NET TP Worker", "message": "ConnectionString.ApplicationName NULL: applied default value 'StartupWEBAPI_admin'", "logger": "TeamSystem.AlyCE" }
{ "time": "2026-07-08 03:30:00.0301", "level": "INFO", "threadid": ".NET TP Worker", "message": "Culture explicitely set as 'AlyCEUICulture: it-IT - AlyCECulture: it-IT'; user configurations ignored", "logger": "TeamSystem.AlyCE" }
{ "time": "2026-07-08 03:30:00.0301", "level": "WARN", "threadid": ".NET TP Worker", "environment": "GDB_TSE10_2189", "username": "admin", "company": "0", "message": "MakeSubscriptionOptions - A FW Job has been invoked but it would be good to specify the destination input module!", "logger": "TeamSystem.AlyCE" }
{ "time": "2026-07-08 03:30:00.0520", "level": "INFO", "threadid": ".NET Long Running Task", "environment": "GDB_TSE10_2189", "username": "admin", "company": "0", "message": "ConnectionString.ApplicationName NULL: applied default value 'StartupWEBAPI_admin'", "logger": "TeamSystem.AlyCE" }
{ "time": "2026-07-08 03:30:00.0520", "level": "INFO", "threadid": ".NET Long Running Task", "environment": "GDB_TSE10_2189", "username": "admin", "company": "0", "message": "Culture explicitely set as 'AlyCEUICulture: it-IT - AlyCECulture: it-IT'; user configurations ignored", "logger": "TeamSystem.AlyCE" }
{ "time": "2026-07-08 03:30:00.0520", "level": "WARN", "threadid": ".NET Long Running Task", "environment": "GDB_TSE10_2189", "username": "admin", "company": "0", "message": "'ICompanyContract' null for 'aziendaCorrente'='0'", "logger": "TeamSystem.AlyCE" }
{ "time": "2026-07-08 03:30:00.0718", "level": "INFO", "threadid": ".NET Long Running Task", "environment": "GDB_TSE10_2189", "username": "admin", "company": "0", "message": "ExecuteInternal of CleanProcessingJob started with payload {}", "logger": "TeamSystem.AlyCE" }
{ "time": "2026-07-08 03:30:00.0789", "level": "INFO", "threadid": ".NET Long Running Task", "environment": "GDB_TSE10_2189", "username": "admin", "company": "0", "message": "Job executed CLEAN_PROCESSING_DETAILS id: 127647 in 00:00:00.0110490", "logger": "TeamSystem.AlyCE.Services.Requests" }
{ "time": "2026-07-08 04:00:00.3801", "level": "INFO", "threadid": ".NET TP Worker", "message": "ConnectionString.ApplicationName NULL: applied default value 'StartupWEBAPI_admin'", "logger": "TeamSystem.AlyCE" }
{ "time": "2026-07-08 04:00:00.4152", "level": "INFO", "threadid": ".NET TP Worker", "message": "Culture explicitely set as 'AlyCEUICulture: it-IT - AlyCECulture: it-IT'; user configurations ignored", "logger": "TeamSystem.AlyCE" }
{ "time": "2026-07-08 04:00:00.4152", "level": "WARN", "threadid": ".NET TP Worker", "environment": "GDB_TSE10_2189", "username": "admin", "company": "0", "message": "MakeSubscriptionOptions - A FW Job has been invoked but it would be good to specify the destination input module!", "logger": "TeamSystem.AlyCE" }
{ "time": "2026-07-08 04:00:00.4422", "level": "INFO", "threadid": ".NET Long Running Task", "environment": "GDB_TSE10_2189", "username": "admin", "company": "0", "message": "ConnectionString.ApplicationName NULL: applied default value 'StartupWEBAPI_admin'", "logger": "TeamSystem.AlyCE" }
{ "time": "2026-07-08 04:00:00.4422", "level": "INFO", "threadid": ".NET Long Running Task", "environment": "GDB_TSE10_2189", "username": "admin", "company": "0", "message": "Culture explicitely set as 'AlyCEUICulture: it-IT - AlyCECulture: it-IT'; user configurations ignored", "logger": "TeamSystem.AlyCE" }
{ "time": "2026-07-08 04:00:00.4422", "level": "WARN", "threadid": ".NET Long Running Task", "environment": "GDB_TSE10_2189", "username": "admin", "company": "0", "message": "'ICompanyContract' null for 'aziendaCorrente'='0'", "logger": "TeamSystem.AlyCE" }
{ "time": "2026-07-08 04:00:00.4640", "level": "INFO", "threadid": ".NET Long Running Task", "environment": "GDB_TSE10_2189", "username": "admin", "company": "0", "message": "ExecuteInternal of CleanProcessingJob started with payload {}", "logger": "TeamSystem.AlyCE" }
{ "time": "2026-07-08 04:00:00.4754", "level": "INFO", "threadid": ".NET Long Running Task", "environment": "GDB_TSE10_2189", "username": "admin", "company": "0", "message": "Job executed CLEAN_PROCESSING_DETAILS id: 127648 in 00:00:00.0159863", "logger": "TeamSystem.AlyCE.Services.Requests" }
{ "time": "2026-07-08 04:16:00.0213", "level": "INFO", "threadid": ".NET TP Worker", "message": "ConnectionString.ApplicationName NULL: applied default value 'StartupWEBAPI_admin'", "logger": "TeamSystem.AlyCE" }
{ "time": "2026-07-08 04:16:00.0213", "level": "INFO", "threadid": ".NET TP Worker", "message": "Culture explicitely set as 'AlyCEUICulture: it-IT - AlyCECulture: it-IT'; user configurations ignored", "logger": "TeamSystem.AlyCE" }
{ "time": "2026-07-08 04:16:00.0453", "level": "INFO", "threadid": ".NET Long Running Task", "environment": "GDB_TSE10_2189", "username": "admin", "company": "0", "message": "ConnectionString.ApplicationName NULL: applied default value 'StartupWEBAPI_admin'", "logger": "TeamSystem.AlyCE" }
{ "time": "2026-07-08 04:16:00.0463", "level": "INFO", "threadid": ".NET Long Running Task", "environment": "GDB_TSE10_2189", "username": "admin", "company": "0", "message": "Culture explicitely set as 'AlyCEUICulture: it-IT - AlyCECulture: it-IT'; user configurations ignored", "logger": "TeamSystem.AlyCE" }
{ "time": "2026-07-08 04:16:00.0463", "level": "WARN", "threadid": ".NET Long Running Task", "environment": "GDB_TSE10_2189", "username": "admin", "company": "0", "message": "'ICompanyContract' null for 'aziendaCorrente'='0'", "logger": "TeamSystem.AlyCE" }
{ "time": "2026-07-08 04:16:00.0693", "level": "INFO", "threadid": ".NET Long Running Task", "environment": "GDB_TSE10_2189", "username": "admin", "company": "0", "message": "Job executed PGMEXECCHECKER id: 127649 in 00:00:00.0130328", "logger": "TeamSystem.AlyCE.Services.Requests" }
{ "time": "2026-07-08 04:32:00.0036", "level": "INFO", "threadid": ".NET TP Worker", "message": "ConnectionString.ApplicationName NULL: applied default value 'StartupWEBAPI_admin'", "logger": "TeamSystem.AlyCE" }
{ "time": "2026-07-08 04:32:00.0099", "level": "INFO", "threadid": ".NET TP Worker", "message": "Culture explicitely set as 'AlyCEUICulture: it-IT - AlyCECulture: it-IT'; user configurations ignored", "logger": "TeamSystem.AlyCE" }
{ "time": "2026-07-08 04:32:00.0099", "level": "WARN", "threadid": ".NET TP Worker", "environment": "GDB_TSE10_2189", "username": "admin", "company": "0", "message": "MakeSubscriptionOptions - A FW Job has been invoked but it would be good to specify the destination input module!", "logger": "TeamSystem.AlyCE" }
{ "time": "2026-07-08 04:32:00.0256", "level": "INFO", "threadid": ".NET Long Running Task", "environment": "GDB_TSE10_2189", "username": "admin", "company": "0", "message": "ConnectionString.ApplicationName NULL: applied default value 'StartupWEBAPI_admin'", "logger": "TeamSystem.AlyCE" }
{ "time": "2026-07-08 04:32:00.0256", "level": "INFO", "threadid": ".NET Long Running Task", "environment": "GDB_TSE10_2189", "username": "admin", "company": "0", "message": "Culture explicitely set as 'AlyCEUICulture: it-IT - AlyCECulture: it-IT'; user configurations ignored", "logger": "TeamSystem.AlyCE" }
{ "time": "2026-07-08 04:32:00.0256", "level": "WARN", "threadid": ".NET Long Running Task", "environment": "GDB_TSE10_2189", "username": "admin", "company": "0", "message": "'ICompanyContract' null for 'aziendaCorrente'='0'", "logger": "TeamSystem.AlyCE" }
{ "time": "2026-07-08 04:32:00.0256", "level": "INFO", "threadid": ".NET Long Running Task", "environment": "GDB_TSE10_2189", "username": "admin", "company": "0", "message": "ExecuteInternal of CleanProcessingJob started with payload {}", "logger": "TeamSystem.AlyCE" }
{ "time": "2026-07-08 04:32:00.0446", "level": "INFO", "threadid": ".NET Long Running Task", "environment": "GDB_TSE10_2189", "username": "admin", "company": "0", "message": "Job executed CLEAN_PROCESSING_DETAILS id: 127650 in 00:00:00.0120973", "logger": "TeamSystem.AlyCE.Services.Requests" }
{ "time": "2026-07-08 05:00:00.1299", "level": "INFO", "threadid": ".NET TP Worker", "message": "ConnectionString.ApplicationName NULL: applied default value 'StartupWEBAPI_admin'", "logger": "TeamSystem.AlyCE" }
{ "time": "2026-07-08 05:00:00.2035", "level": "INFO", "threadid": ".NET TP Worker", "message": "Culture explicitely set as 'AlyCEUICulture: it-IT - AlyCECulture: it-IT'; user configurations ignored", "logger": "TeamSystem.AlyCE" }
{ "time": "2026-07-08 05:00:00.2035", "level": "WARN", "threadid": ".NET TP Worker", "environment": "GDB_TSE10_2189", "username": "admin", "company": "0", "message": "MakeSubscriptionOptions - A FW Job has been invoked but it would be good to specify the destination input module!", "logger": "TeamSystem.AlyCE" }
{ "time": "2026-07-08 05:00:00.2239", "level": "INFO", "threadid": ".NET Long Running Task", "environment": "GDB_TSE10_2189", "username": "admin", "company": "0", "message": "ConnectionString.ApplicationName NULL: applied default value 'StartupWEBAPI_admin'", "logger": "TeamSystem.AlyCE" }
{ "time": "2026-07-08 05:00:00.2239", "level": "INFO", "threadid": ".NET Long Running Task", "environment": "GDB_TSE10_2189", "username": "admin", "company": "0", "message": "Culture explicitely set as 'AlyCEUICulture: it-IT - AlyCECulture: it-IT'; user configurations ignored", "logger": "TeamSystem.AlyCE" }
{ "time": "2026-07-08 05:00:00.2239", "level": "WARN", "threadid": ".NET Long Running Task", "environment": "GDB_TSE10_2189", "username": "admin", "company": "0", "message": "'ICompanyContract' null for 'aziendaCorrente'='0'", "logger": "TeamSystem.AlyCE" }
{ "time": "2026-07-08 05:00:00.2459", "level": "INFO", "threadid": ".NET Long Running Task", "environment": "GDB_TSE10_2189", "username": "admin", "company": "0", "message": "ExecuteInternal of CleanProcessingJob started with payload {}", "logger": "TeamSystem.AlyCE" }
{ "time": "2026-07-08 05:00:00.2459", "level": "INFO", "threadid": ".NET Long Running Task", "environment": "GDB_TSE10_2189", "username": "admin", "company": "0", "message": "Job executed CLEAN_PROCESSING_DETAILS id: 127651 in 00:00:00.0118086", "logger": "TeamSystem.AlyCE.Services.Requests" }
{ "time": "2026-07-08 05:30:00.0079", "level": "INFO", "threadid": ".NET TP Worker", "message": "ConnectionString.ApplicationName NULL: applied default value 'StartupWEBAPI_admin'", "logger": "TeamSystem.AlyCE" }
{ "time": "2026-07-08 05:30:00.0079", "level": "INFO", "threadid": ".NET TP Worker", "message": "Culture explicitely set as 'AlyCEUICulture: it-IT - AlyCECulture: it-IT'; user configurations ignored", "logger": "TeamSystem.AlyCE" }
{ "time": "2026-07-08 05:30:00.0079", "level": "WARN", "threadid": ".NET TP Worker", "environment": "GDB_TSE10_2189", "username": "admin", "company": "0", "message": "MakeSubscriptionOptions - A FW Job has been invoked but it would be good to specify the destination input module!", "logger": "TeamSystem.AlyCE" }
{ "time": "2026-07-08 05:30:00.0373", "level": "INFO", "threadid": ".NET Long Running Task", "environment": "GDB_TSE10_2189", "username": "admin", "company": "0", "message": "ConnectionString.ApplicationName NULL: applied default value 'StartupWEBAPI_admin'", "logger": "TeamSystem.AlyCE" }
{ "time": "2026-07-08 05:30:00.0373", "level": "INFO", "threadid": ".NET Long Running Task", "environment": "GDB_TSE10_2189", "username": "admin", "company": "0", "message": "Culture explicitely set as 'AlyCEUICulture: it-IT - AlyCECulture: it-IT'; user configurations ignored", "logger": "TeamSystem.AlyCE" }
{ "time": "2026-07-08 05:30:00.0373", "level": "WARN", "threadid": ".NET Long Running Task", "environment": "GDB_TSE10_2189", "username": "admin", "company": "0", "message": "'ICompanyContract' null for 'aziendaCorrente'='0'", "logger": "TeamSystem.AlyCE" }
{ "time": "2026-07-08 05:30:00.0654", "level": "INFO", "threadid": ".NET Long Running Task", "environment": "GDB_TSE10_2189", "username": "admin", "company": "0", "message": "ExecuteInternal of CleanProcessingJob started with payload {}", "logger": "TeamSystem.AlyCE" }
{ "time": "2026-07-08 05:30:00.0726", "level": "INFO", "threadid": ".NET Long Running Task", "environment": "GDB_TSE10_2189", "username": "admin", "company": "0", "message": "Job executed CLEAN_PROCESSING_DETAILS id: 127652 in 00:00:00.0128832", "logger": "TeamSystem.AlyCE.Services.Requests" }
{ "time": "2026-07-08 06:02:00.0034", "level": "INFO", "threadid": ".NET TP Worker", "message": "ConnectionString.ApplicationName NULL: applied default value 'StartupWEBAPI_admin'", "logger": "TeamSystem.AlyCE" }
{ "time": "2026-07-08 06:02:00.0034", "level": "INFO", "threadid": ".NET TP Worker", "message": "Culture explicitely set as 'AlyCEUICulture: it-IT - AlyCECulture: it-IT'; user configurations ignored", "logger": "TeamSystem.AlyCE" }
{ "time": "2026-07-08 06:02:00.0034", "level": "WARN", "threadid": ".NET TP Worker", "environment": "GDB_TSE10_2189", "username": "admin", "company": "0", "message": "MakeSubscriptionOptions - A FW Job has been invoked but it would be good to specify the destination input module!", "logger": "TeamSystem.AlyCE" }
{ "time": "2026-07-08 06:02:00.0299", "level": "INFO", "threadid": ".NET Long Running Task", "environment": "GDB_TSE10_2189", "username": "admin", "company": "0", "message": "ConnectionString.ApplicationName NULL: applied default value 'StartupWEBAPI_admin'", "logger": "TeamSystem.AlyCE" }
{ "time": "2026-07-08 06:02:00.0299", "level": "INFO", "threadid": ".NET Long Running Task", "environment": "GDB_TSE10_2189", "username": "admin", "company": "0", "message": "Culture explicitely set as 'AlyCEUICulture: it-IT - AlyCECulture: it-IT'; user configurations ignored", "logger": "TeamSystem.AlyCE" }
{ "time": "2026-07-08 06:02:00.0299", "level": "WARN", "threadid": ".NET Long Running Task", "environment": "GDB_TSE10_2189", "username": "admin", "company": "0", "message": "'ICompanyContract' null for 'aziendaCorrente'='0'", "logger": "TeamSystem.AlyCE" }
{ "time": "2026-07-08 06:02:00.0505", "level": "INFO", "threadid": ".NET Long Running Task", "environment": "GDB_TSE10_2189", "username": "admin", "company": "0", "message": "ExecuteInternal of CleanProcessingJob started with payload {}", "logger": "TeamSystem.AlyCE" }
{ "time": "2026-07-08 06:02:00.0505", "level": "INFO", "threadid": ".NET Long Running Task", "environment": "GDB_TSE10_2189", "username": "admin", "company": "0", "message": "Job executed CLEAN_PROCESSING_DETAILS id: 127653 in 00:00:00.0173930", "logger": "TeamSystem.AlyCE.Services.Requests" }
{ "time": "2026-07-08 06:32:00.0039", "level": "INFO", "threadid": ".NET TP Worker", "message": "ConnectionString.ApplicationName NULL: applied default value 'StartupWEBAPI_admin'", "logger": "TeamSystem.AlyCE" }
{ "time": "2026-07-08 06:32:00.0039", "level": "INFO", "threadid": ".NET TP Worker", "message": "Culture explicitely set as 'AlyCEUICulture: it-IT - AlyCECulture: it-IT'; user configurations ignored", "logger": "TeamSystem.AlyCE" }
{ "time": "2026-07-08 06:32:00.0039", "level": "WARN", "threadid": ".NET TP Worker", "environment": "GDB_TSE10_2189", "username": "admin", "company": "0", "message": "MakeSubscriptionOptions - A FW Job has been invoked but it would be good to specify the destination input module!", "logger": "TeamSystem.AlyCE" }
{ "time": "2026-07-08 06:32:00.0334", "level": "INFO", "threadid": ".NET Long Running Task", "environment": "GDB_TSE10_2189", "username": "admin", "company": "0", "message": "ConnectionString.ApplicationName NULL: applied default value 'StartupWEBAPI_admin'", "logger": "TeamSystem.AlyCE" }
{ "time": "2026-07-08 06:32:00.0334", "level": "INFO", "threadid": ".NET Long Running Task", "environment": "GDB_TSE10_2189", "username": "admin", "company": "0", "message": "Culture explicitely set as 'AlyCEUICulture: it-IT - AlyCECulture: it-IT'; user configurations ignored", "logger": "TeamSystem.AlyCE" }
{ "time": "2026-07-08 06:32:00.0363", "level": "WARN", "threadid": ".NET Long Running Task", "environment": "GDB_TSE10_2189", "username": "admin", "company": "0", "message": "'ICompanyContract' null for 'aziendaCorrente'='0'", "logger": "TeamSystem.AlyCE" }
{ "time": "2026-07-08 06:32:00.0577", "level": "INFO", "threadid": ".NET Long Running Task", "environment": "GDB_TSE10_2189", "username": "admin", "company": "0", "message": "ExecuteInternal of CleanProcessingJob started with payload {}", "logger": "TeamSystem.AlyCE" }
{ "time": "2026-07-08 06:32:00.0661", "level": "INFO", "threadid": ".NET Long Running Task", "environment": "GDB_TSE10_2189", "username": "admin", "company": "0", "message": "Job executed CLEAN_PROCESSING_DETAILS id: 127654 in 00:00:00.0141533", "logger": "TeamSystem.AlyCE.Services.Requests" }
{ "time": "2026-07-08 07:00:00.0091", "level": "INFO", "threadid": ".NET TP Worker", "message": "ConnectionString.ApplicationName NULL: applied default value 'StartupWEBAPI_admin'", "logger": "TeamSystem.AlyCE" }
{ "time": "2026-07-08 07:00:00.0091", "level": "INFO", "threadid": ".NET TP Worker", "message": "Culture explicitely set as 'AlyCEUICulture: it-IT - AlyCECulture: it-IT'; user configurations ignored", "logger": "TeamSystem.AlyCE" }
{ "time": "2026-07-08 07:00:00.0091", "level": "WARN", "threadid": ".NET TP Worker", "environment": "GDB_TSE10_2189", "username": "admin", "company": "0", "message": "MakeSubscriptionOptions - A FW Job has been invoked but it would be good to specify the destination input module!", "logger": "TeamSystem.AlyCE" }
{ "time": "2026-07-08 07:00:00.0382", "level": "INFO", "threadid": ".NET Long Running Task", "environment": "GDB_TSE10_2189", "username": "admin", "company": "0", "message": "ConnectionString.ApplicationName NULL: applied default value 'StartupWEBAPI_admin'", "logger": "TeamSystem.AlyCE" }
{ "time": "2026-07-08 07:00:00.0382", "level": "INFO", "threadid": ".NET Long Running Task", "environment": "GDB_TSE10_2189", "username": "admin", "company": "0", "message": "Culture explicitely set as 'AlyCEUICulture: it-IT - AlyCECulture: it-IT'; user configurations ignored", "logger": "TeamSystem.AlyCE" }
{ "time": "2026-07-08 07:00:00.0382", "level": "WARN", "threadid": ".NET Long Running Task", "environment": "GDB_TSE10_2189", "username": "admin", "company": "0", "message": "'ICompanyContract' null for 'aziendaCorrente'='0'", "logger": "TeamSystem.AlyCE" }
{ "time": "2026-07-08 07:00:00.0598", "level": "INFO", "threadid": ".NET Long Running Task", "environment": "GDB_TSE10_2189", "username": "admin", "company": "0", "message": "ExecuteInternal of CleanProcessingJob started with payload {}", "logger": "TeamSystem.AlyCE" }
{ "time": "2026-07-08 07:00:00.0674", "level": "INFO", "threadid": ".NET Long Running Task", "environment": "GDB_TSE10_2189", "username": "admin", "company": "0", "message": "Job executed CLEAN_PROCESSING_DETAILS id: 127655 in 00:00:00.0122588", "logger": "TeamSystem.AlyCE.Services.Requests" }
{ "time": "2026-07-08 07:30:00.0151", "level": "INFO", "threadid": ".NET TP Worker", "message": "ConnectionString.ApplicationName NULL: applied default value 'StartupWEBAPI_admin'", "logger": "TeamSystem.AlyCE" }
{ "time": "2026-07-08 07:30:00.0220", "level": "INFO", "threadid": ".NET TP Worker", "message": "Culture explicitely set as 'AlyCEUICulture: it-IT - AlyCECulture: it-IT'; user configurations ignored", "logger": "TeamSystem.AlyCE" }
{ "time": "2026-07-08 07:30:00.0220", "level": "WARN", "threadid": ".NET TP Worker", "environment": "GDB_TSE10_2189", "username": "admin", "company": "0", "message": "MakeSubscriptionOptions - A FW Job has been invoked but it would be good to specify the destination input module!", "logger": "TeamSystem.AlyCE" }
{ "time": "2026-07-08 07:30:00.0421", "level": "INFO", "threadid": ".NET Long Running Task", "environment": "GDB_TSE10_2189", "username": "admin", "company": "0", "message": "ConnectionString.ApplicationName NULL: applied default value 'StartupWEBAPI_admin'", "logger": "TeamSystem.AlyCE" }
{ "time": "2026-07-08 07:30:00.0421", "level": "INFO", "threadid": ".NET Long Running Task", "environment": "GDB_TSE10_2189", "username": "admin", "company": "0", "message": "Culture explicitely set as 'AlyCEUICulture: it-IT - AlyCECulture: it-IT'; user configurations ignored", "logger": "TeamSystem.AlyCE" }
{ "time": "2026-07-08 07:30:00.0421", "level": "WARN", "threadid": ".NET Long Running Task", "environment": "GDB_TSE10_2189", "username": "admin", "company": "0", "message": "'ICompanyContract' null for 'aziendaCorrente'='0'", "logger": "TeamSystem.AlyCE" }
{ "time": "2026-07-08 07:30:00.0640", "level": "INFO", "threadid": ".NET Long Running Task", "environment": "GDB_TSE10_2189", "username": "admin", "company": "0", "message": "ExecuteInternal of CleanProcessingJob started with payload {}", "logger": "TeamSystem.AlyCE" }
{ "time": "2026-07-08 07:30:00.0640", "level": "INFO", "threadid": ".NET Long Running Task", "environment": "GDB_TSE10_2189", "username": "admin", "company": "0", "message": "Job executed CLEAN_PROCESSING_DETAILS id: 127656 in 00:00:00.0102734", "logger": "TeamSystem.AlyCE.Services.Requests" }
{ "time": "2026-07-08 08:00:00.0208", "level": "INFO", "threadid": ".NET TP Worker", "message": "ConnectionString.ApplicationName NULL: applied default value 'StartupWEBAPI_admin'", "logger": "TeamSystem.AlyCE" }
{ "time": "2026-07-08 08:00:00.0208", "level": "INFO", "threadid": ".NET TP Worker", "message": "Culture explicitely set as 'AlyCEUICulture: it-IT - AlyCECulture: it-IT'; user configurations ignored", "logger": "TeamSystem.AlyCE" }
{ "time": "2026-07-08 08:00:00.0317", "level": "WARN", "threadid": ".NET TP Worker", "environment": "GDB_TSE10_2189", "username": "admin", "company": "0", "message": "MakeSubscriptionOptions - A FW Job has been invoked but it would be good to specify the destination input module!", "logger": "TeamSystem.AlyCE" }
{ "time": "2026-07-08 08:00:00.0545", "level": "INFO", "threadid": ".NET Long Running Task", "environment": "GDB_TSE10_2189", "username": "admin", "company": "0", "message": "ConnectionString.ApplicationName NULL: applied default value 'StartupWEBAPI_admin'", "logger": "TeamSystem.AlyCE" }
{ "time": "2026-07-08 08:00:00.0545", "level": "INFO", "threadid": ".NET Long Running Task", "environment": "GDB_TSE10_2189", "username": "admin", "company": "0", "message": "Culture explicitely set as 'AlyCEUICulture: it-IT - AlyCECulture: it-IT'; user configurations ignored", "logger": "TeamSystem.AlyCE" }
{ "time": "2026-07-08 08:00:00.0545", "level": "WARN", "threadid": ".NET Long Running Task", "environment": "GDB_TSE10_2189", "username": "admin", "company": "0", "message": "'ICompanyContract' null for 'aziendaCorrente'='0'", "logger": "TeamSystem.AlyCE" }
{ "time": "2026-07-08 08:00:00.0798", "level": "INFO", "threadid": ".NET Long Running Task", "environment": "GDB_TSE10_2189", "username": "admin", "company": "0", "message": "ExecuteInternal of CleanProcessingJob started with payload {}", "logger": "TeamSystem.AlyCE" }
{ "time": "2026-07-08 08:00:00.0798", "level": "INFO", "threadid": ".NET Long Running Task", "environment": "GDB_TSE10_2189", "username": "admin", "company": "0", "message": "Job executed CLEAN_PROCESSING_DETAILS id: 127657 in 00:00:00.0149005", "logger": "TeamSystem.AlyCE.Services.Requests" }
{ "time": "2026-07-08 08:16:00.0193", "level": "INFO", "threadid": ".NET TP Worker", "message": "ConnectionString.ApplicationName NULL: applied default value 'StartupWEBAPI_admin'", "logger": "TeamSystem.AlyCE" }
{ "time": "2026-07-08 08:16:00.0193", "level": "INFO", "threadid": ".NET TP Worker", "message": "Culture explicitely set as 'AlyCEUICulture: it-IT - AlyCECulture: it-IT'; user configurations ignored", "logger": "TeamSystem.AlyCE" }
{ "time": "2026-07-08 08:16:00.0390", "level": "INFO", "threadid": ".NET Long Running Task", "environment": "GDB_TSE10_2189", "username": "admin", "company": "0", "message": "ConnectionString.ApplicationName NULL: applied default value 'StartupWEBAPI_admin'", "logger": "TeamSystem.AlyCE" }
{ "time": "2026-07-08 08:16:00.0390", "level": "INFO", "threadid": ".NET Long Running Task", "environment": "GDB_TSE10_2189", "username": "admin", "company": "0", "message": "Culture explicitely set as 'AlyCEUICulture: it-IT - AlyCECulture: it-IT'; user configurations ignored", "logger": "TeamSystem.AlyCE" }
{ "time": "2026-07-08 08:16:00.0390", "level": "WARN", "threadid": ".NET Long Running Task", "environment": "GDB_TSE10_2189", "username": "admin", "company": "0", "message": "'ICompanyContract' null for 'aziendaCorrente'='0'", "logger": "TeamSystem.AlyCE" }
{ "time": "2026-07-08 08:16:00.0390", "level": "INFO", "threadid": ".NET Long Running Task", "environment": "GDB_TSE10_2189", "username": "admin", "company": "0", "message": "Job executed PGMEXECCHECKER id: 127658 in 00:00:00.0118095", "logger": "TeamSystem.AlyCE.Services.Requests" }
{ "time": "2026-07-08 08:32:00.0045", "level": "INFO", "threadid": ".NET TP Worker", "message": "ConnectionString.ApplicationName NULL: applied default value 'StartupWEBAPI_admin'", "logger": "TeamSystem.AlyCE" }
{ "time": "2026-07-08 08:32:00.0045", "level": "INFO", "threadid": ".NET TP Worker", "message": "Culture explicitely set as 'AlyCEUICulture: it-IT - AlyCECulture: it-IT'; user configurations ignored", "logger": "TeamSystem.AlyCE" }
{ "time": "2026-07-08 08:32:00.0157", "level": "WARN", "threadid": ".NET TP Worker", "environment": "GDB_TSE10_2189", "username": "admin", "company": "0", "message": "MakeSubscriptionOptions - A FW Job has been invoked but it would be good to specify the destination input module!", "logger": "TeamSystem.AlyCE" }
{ "time": "2026-07-08 08:32:00.0157", "level": "INFO", "threadid": ".NET Long Running Task", "environment": "GDB_TSE10_2189", "username": "admin", "company": "0", "message": "ConnectionString.ApplicationName NULL: applied default value 'StartupWEBAPI_admin'", "logger": "TeamSystem.AlyCE" }
{ "time": "2026-07-08 08:32:00.0157", "level": "INFO", "threadid": ".NET Long Running Task", "environment": "GDB_TSE10_2189", "username": "admin", "company": "0", "message": "Culture explicitely set as 'AlyCEUICulture: it-IT - AlyCECulture: it-IT'; user configurations ignored", "logger": "TeamSystem.AlyCE" }
{ "time": "2026-07-08 08:32:00.0322", "level": "WARN", "threadid": ".NET Long Running Task", "environment": "GDB_TSE10_2189", "username": "admin", "company": "0", "message": "'ICompanyContract' null for 'aziendaCorrente'='0'", "logger": "TeamSystem.AlyCE" }
{ "time": "2026-07-08 08:32:00.0322", "level": "INFO", "threadid": ".NET Long Running Task", "environment": "GDB_TSE10_2189", "username": "admin", "company": "0", "message": "ExecuteInternal of CleanProcessingJob started with payload {}", "logger": "TeamSystem.AlyCE" }
{ "time": "2026-07-08 08:32:00.0508", "level": "INFO", "threadid": ".NET Long Running Task", "environment": "GDB_TSE10_2189", "username": "admin", "company": "0", "message": "Job executed CLEAN_PROCESSING_DETAILS id: 127659 in 00:00:00.0138661", "logger": "TeamSystem.AlyCE.Services.Requests" }
{ "time": "2026-07-08 09:00:00.0169", "level": "INFO", "threadid": ".NET TP Worker", "message": "ConnectionString.ApplicationName NULL: applied default value 'StartupWEBAPI_admin'", "logger": "TeamSystem.AlyCE" }
{ "time": "2026-07-08 09:00:00.0169", "level": "INFO", "threadid": ".NET TP Worker", "message": "Culture explicitely set as 'AlyCEUICulture: it-IT - AlyCECulture: it-IT'; user configurations ignored", "logger": "TeamSystem.AlyCE" }
{ "time": "2026-07-08 09:00:00.0169", "level": "WARN", "threadid": ".NET TP Worker", "environment": "GDB_TSE10_2189", "username": "admin", "company": "0", "message": "MakeSubscriptionOptions - A FW Job has been invoked but it would be good to specify the destination input module!", "logger": "TeamSystem.AlyCE" }
{ "time": "2026-07-08 09:00:00.0786", "level": "INFO", "threadid": ".NET Long Running Task", "environment": "GDB_TSE10_2189", "username": "admin", "company": "0", "message": "ConnectionString.ApplicationName NULL: applied default value 'StartupWEBAPI_admin'", "logger": "TeamSystem.AlyCE" }
{ "time": "2026-07-08 09:00:00.0786", "level": "INFO", "threadid": ".NET Long Running Task", "environment": "GDB_TSE10_2189", "username": "admin", "company": "0", "message": "Culture explicitely set as 'AlyCEUICulture: it-IT - AlyCECulture: it-IT'; user configurations ignored", "logger": "TeamSystem.AlyCE" }
{ "time": "2026-07-08 09:00:00.0786", "level": "WARN", "threadid": ".NET Long Running Task", "environment": "GDB_TSE10_2189", "username": "admin", "company": "0", "message": "'ICompanyContract' null for 'aziendaCorrente'='0'", "logger": "TeamSystem.AlyCE" }
{ "time": "2026-07-08 09:00:00.1440", "level": "INFO", "threadid": ".NET Long Running Task", "environment": "GDB_TSE10_2189", "username": "admin", "company": "0", "message": "ExecuteInternal of CleanProcessingJob started with payload {}", "logger": "TeamSystem.AlyCE" }
{ "time": "2026-07-08 09:00:00.1569", "level": "INFO", "threadid": ".NET Long Running Task", "environment": "GDB_TSE10_2189", "username": "admin", "company": "0", "message": "Job executed CLEAN_PROCESSING_DETAILS id: 127660 in 00:00:00.0192123", "logger": "TeamSystem.AlyCE.Services.Requests" }
{ "time": "2026-07-08 09:30:00.0124", "level": "INFO", "threadid": ".NET TP Worker", "message": "ConnectionString.ApplicationName NULL: applied default value 'StartupWEBAPI_admin'", "logger": "TeamSystem.AlyCE" }
{ "time": "2026-07-08 09:30:00.0377", "level": "INFO", "threadid": ".NET TP Worker", "message": "Culture explicitely set as 'AlyCEUICulture: it-IT - AlyCECulture: it-IT'; user configurations ignored", "logger": "TeamSystem.AlyCE" }
{ "time": "2026-07-08 09:30:00.0422", "level": "WARN", "threadid": ".NET TP Worker", "environment": "GDB_TSE10_2189", "username": "admin", "company": "0", "message": "MakeSubscriptionOptions - A FW Job has been invoked but it would be good to specify the destination input module!", "logger": "TeamSystem.AlyCE" }
{ "time": "2026-07-08 09:30:00.0630", "level": "INFO", "threadid": ".NET Long Running Task", "environment": "GDB_TSE10_2189", "username": "admin", "company": "0", "message": "ConnectionString.ApplicationName NULL: applied default value 'StartupWEBAPI_admin'", "logger": "TeamSystem.AlyCE" }
{ "time": "2026-07-08 09:30:00.0630", "level": "INFO", "threadid": ".NET Long Running Task", "environment": "GDB_TSE10_2189", "username": "admin", "company": "0", "message": "Culture explicitely set as 'AlyCEUICulture: it-IT - AlyCECulture: it-IT'; user configurations ignored", "logger": "TeamSystem.AlyCE" }
{ "time": "2026-07-08 09:30:00.0630", "level": "WARN", "threadid": ".NET Long Running Task", "environment": "GDB_TSE10_2189", "username": "admin", "company": "0", "message": "'ICompanyContract' null for 'aziendaCorrente'='0'", "logger": "TeamSystem.AlyCE" }
{ "time": "2026-07-08 09:30:00.0815", "level": "INFO", "threadid": ".NET Long Running Task", "environment": "GDB_TSE10_2189", "username": "admin", "company": "0", "message": "ExecuteInternal of CleanProcessingJob started with payload {}", "logger": "TeamSystem.AlyCE" }
{ "time": "2026-07-08 09:30:00.0891", "level": "INFO", "threadid": ".NET Long Running Task", "environment": "GDB_TSE10_2189", "username": "admin", "company": "0", "message": "Job executed CLEAN_PROCESSING_DETAILS id: 127661 in 00:00:00.0112894", "logger": "TeamSystem.AlyCE.Services.Requests" }
{ "time": "2026-07-08 10:00:00.0120", "level": "INFO", "threadid": ".NET TP Worker", "message": "ConnectionString.ApplicationName NULL: applied default value 'StartupWEBAPI_admin'", "logger": "TeamSystem.AlyCE" }
{ "time": "2026-07-08 10:00:00.0358", "level": "INFO", "threadid": ".NET TP Worker", "message": "Culture explicitely set as 'AlyCEUICulture: it-IT - AlyCECulture: it-IT'; user configurations ignored", "logger": "TeamSystem.AlyCE" }
{ "time": "2026-07-08 10:00:00.0524", "level": "WARN", "threadid": ".NET TP Worker", "environment": "GDB_TSE10_2189", "username": "admin", "company": "0", "message": "MakeSubscriptionOptions - A FW Job has been invoked but it would be good to specify the destination input module!", "logger": "TeamSystem.AlyCE" }
{ "time": "2026-07-08 10:00:00.0835", "level": "INFO", "threadid": ".NET Long Running Task", "environment": "GDB_TSE10_2189", "username": "admin", "company": "0", "message": "ConnectionString.ApplicationName NULL: applied default value 'StartupWEBAPI_admin'", "logger": "TeamSystem.AlyCE" }
{ "time": "2026-07-08 10:00:00.0835", "level": "INFO", "threadid": ".NET Long Running Task", "environment": "GDB_TSE10_2189", "username": "admin", "company": "0", "message": "Culture explicitely set as 'AlyCEUICulture: it-IT - AlyCECulture: it-IT'; user configurations ignored", "logger": "TeamSystem.AlyCE" }
{ "time": "2026-07-08 10:00:00.0835", "level": "WARN", "threadid": ".NET Long Running Task", "environment": "GDB_TSE10_2189", "username": "admin", "company": "0", "message": "'ICompanyContract' null for 'aziendaCorrente'='0'", "logger": "TeamSystem.AlyCE" }
{ "time": "2026-07-08 10:00:00.1209", "level": "INFO", "threadid": ".NET Long Running Task", "environment": "GDB_TSE10_2189", "username": "admin", "company": "0", "message": "ExecuteInternal of CleanProcessingJob started with payload {}", "logger": "TeamSystem.AlyCE" }
{ "time": "2026-07-08 10:00:00.1343", "level": "INFO", "threadid": ".NET Long Running Task", "environment": "GDB_TSE10_2189", "username": "admin", "company": "0", "message": "Job executed CLEAN_PROCESSING_DETAILS id: 127662 in 00:00:00.0218290", "logger": "TeamSystem.AlyCE.Services.Requests" }
{ "time": "2026-07-08 10:32:00.0047", "level": "INFO", "threadid": ".NET TP Worker", "message": "ConnectionString.ApplicationName NULL: applied default value 'StartupWEBAPI_admin'", "logger": "TeamSystem.AlyCE" }
{ "time": "2026-07-08 10:32:00.0109", "level": "INFO", "threadid": ".NET TP Worker", "message": "Culture explicitely set as 'AlyCEUICulture: it-IT - AlyCECulture: it-IT'; user configurations ignored", "logger": "TeamSystem.AlyCE" }
{ "time": "2026-07-08 10:32:00.0109", "level": "WARN", "threadid": ".NET TP Worker", "environment": "GDB_TSE10_2189", "username": "admin", "company": "0", "message": "MakeSubscriptionOptions - A FW Job has been invoked but it would be good to specify the destination input module!", "logger": "TeamSystem.AlyCE" }
{ "time": "2026-07-08 10:32:00.0341", "level": "INFO", "threadid": ".NET Long Running Task", "environment": "GDB_TSE10_2189", "username": "admin", "company": "0", "message": "ConnectionString.ApplicationName NULL: applied default value 'StartupWEBAPI_admin'", "logger": "TeamSystem.AlyCE" }
{ "time": "2026-07-08 10:32:00.0341", "level": "INFO", "threadid": ".NET Long Running Task", "environment": "GDB_TSE10_2189", "username": "admin", "company": "0", "message": "Culture explicitely set as 'AlyCEUICulture: it-IT - AlyCECulture: it-IT'; user configurations ignored", "logger": "TeamSystem.AlyCE" }
{ "time": "2026-07-08 10:32:00.0341", "level": "WARN", "threadid": ".NET Long Running Task", "environment": "GDB_TSE10_2189", "username": "admin", "company": "0", "message": "'ICompanyContract' null for 'aziendaCorrente'='0'", "logger": "TeamSystem.AlyCE" }
{ "time": "2026-07-08 10:32:00.0573", "level": "INFO", "threadid": ".NET Long Running Task", "environment": "GDB_TSE10_2189", "username": "admin", "company": "0", "message": "ExecuteInternal of CleanProcessingJob started with payload {}", "logger": "TeamSystem.AlyCE" }
{ "time": "2026-07-08 10:32:00.0573", "level": "INFO", "threadid": ".NET Long Running Task", "environment": "GDB_TSE10_2189", "username": "admin", "company": "0", "message": "Job executed CLEAN_PROCESSING_DETAILS id: 127663 in 00:00:00.0140847", "logger": "TeamSystem.AlyCE.Services.Requests" }
{ "time": "2026-07-08 10:56:00.0051", "level": "INFO", "threadid": ".NET TP Worker", "message": "ConnectionString.ApplicationName NULL: applied default value 'StartupWEBAPI_admin'", "logger": "TeamSystem.AlyCE" }
{ "time": "2026-07-08 10:56:00.0051", "level": "INFO", "threadid": ".NET TP Worker", "message": "Culture explicitely set as 'AlyCEUICulture: it-IT - AlyCECulture: it-IT'; user configurations ignored", "logger": "TeamSystem.AlyCE" }
{ "time": "2026-07-08 10:56:00.0051", "level": "INFO", "threadid": ".NET TP Worker", "environment": "GDB_TSE10_2189", "username": "admin", "company": "0", "message": "ConnectionString.ApplicationName NULL: applied default value 'StartupWEBAPI_admin'", "logger": "TeamSystem.AlyCE" }
{ "time": "2026-07-08 10:56:00.0051", "level": "INFO", "threadid": ".NET TP Worker", "environment": "GDB_TSE10_2189", "username": "admin", "company": "0", "message": "Culture explicitely set as 'AlyCEUICulture: it-IT - AlyCECulture: it-IT'; user configurations ignored", "logger": "TeamSystem.AlyCE" }
{ "time": "2026-07-08 10:56:00.0400", "level": "INFO", "threadid": ".NET Long Running Task", "environment": "GDB_TSE10_2189", "username": "admin", "company": "0", "message": "ConnectionString.ApplicationName NULL: applied default value 'StartupWEBAPI_admin'", "logger": "TeamSystem.AlyCE" }
{ "time": "2026-07-08 10:56:00.0400", "level": "INFO", "threadid": ".NET TP Worker", "environment": "GDB_TSE10_2189", "username": "admin", "company": "1", "message": "ConnectionString.ApplicationName NULL: applied default value 'StartupWEBAPI_admin'", "logger": "TeamSystem.AlyCE" }
{ "time": "2026-07-08 10:56:00.0400", "level": "INFO", "threadid": ".NET Long Running Task", "environment": "GDB_TSE10_2189", "username": "admin", "company": "0", "message": "Culture explicitely set as 'AlyCEUICulture: it-IT - AlyCECulture: it-IT'; user configurations ignored", "logger": "TeamSystem.AlyCE" }
{ "time": "2026-07-08 10:56:00.0400", "level": "INFO", "threadid": ".NET TP Worker", "environment": "GDB_TSE10_2189", "username": "admin", "company": "1", "message": "Culture explicitely set as 'AlyCEUICulture: it-IT - AlyCECulture: it-IT'; user configurations ignored", "logger": "TeamSystem.AlyCE" }
{ "time": "2026-07-08 10:56:00.0532", "level": "INFO", "threadid": ".NET TP Worker", "environment": "GDB_TSE10_2189", "username": "admin", "company": "3", "message": "ConnectionString.ApplicationName NULL: applied default value 'StartupWEBAPI_admin'", "logger": "TeamSystem.AlyCE" }
{ "time": "2026-07-08 10:56:00.0532", "level": "INFO", "threadid": ".NET TP Worker", "environment": "GDB_TSE10_2189", "username": "admin", "company": "3", "message": "Culture explicitely set as 'AlyCEUICulture: it-IT - AlyCECulture: it-IT'; user configurations ignored", "logger": "TeamSystem.AlyCE" }
{ "time": "2026-07-08 10:56:00.0532", "level": "INFO", "threadid": ".NET TP Worker", "environment": "GDB_TSE10_2189", "username": "admin", "company": "4", "message": "ConnectionString.ApplicationName NULL: applied default value 'StartupWEBAPI_admin'", "logger": "TeamSystem.AlyCE" }
{ "time": "2026-07-08 10:56:00.0640", "level": "INFO", "threadid": ".NET TP Worker", "environment": "GDB_TSE10_2189", "username": "admin", "company": "4", "message": "Culture explicitely set as 'AlyCEUICulture: it-IT - AlyCECulture: it-IT'; user configurations ignored", "logger": "TeamSystem.AlyCE" }
{ "time": "2026-07-08 10:56:00.0853", "level": "INFO", "threadid": ".NET Long Running Task", "environment": "GDB_TSE10_2189", "username": "admin", "company": "1", "message": "ConnectionString.ApplicationName NULL: applied default value 'StartupWEBAPI_admin'", "logger": "TeamSystem.AlyCE" }
{ "time": "2026-07-08 10:56:00.0853", "level": "INFO", "threadid": ".NET Long Running Task", "environment": "GDB_TSE10_2189", "username": "admin", "company": "1", "message": "Culture explicitely set as 'AlyCEUICulture: it-IT - AlyCECulture: it-IT'; user configurations ignored", "logger": "TeamSystem.AlyCE" }
{ "time": "2026-07-08 10:56:00.1028", "level": "INFO", "threadid": ".NET Long Running Task", "environment": "GDB_TSE10_2189", "username": "admin", "company": "3", "message": "ConnectionString.ApplicationName NULL: applied default value 'StartupWEBAPI_admin'", "logger": "TeamSystem.AlyCE" }
{ "time": "2026-07-08 10:56:00.1028", "level": "INFO", "threadid": ".NET Long Running Task", "environment": "GDB_TSE10_2189", "username": "admin", "company": "3", "message": "Culture explicitely set as 'AlyCEUICulture: it-IT - AlyCECulture: it-IT'; user configurations ignored", "logger": "TeamSystem.AlyCE" }
{ "time": "2026-07-08 10:56:00.1198", "level": "INFO", "threadid": ".NET Long Running Task", "environment": "GDB_TSE10_2189", "username": "admin", "company": "4", "message": "ConnectionString.ApplicationName NULL: applied default value 'StartupWEBAPI_admin'", "logger": "TeamSystem.AlyCE" }
{ "time": "2026-07-08 10:56:00.1198", "level": "INFO", "threadid": ".NET Long Running Task", "environment": "GDB_TSE10_2189", "username": "admin", "company": "4", "message": "Culture explicitely set as 'AlyCEUICulture: it-IT - AlyCECulture: it-IT'; user configurations ignored", "logger": "TeamSystem.AlyCE" }
{ "time": "2026-07-08 11:00:00.1857", "level": "INFO", "threadid": ".NET TP Worker", "message": "ConnectionString.ApplicationName NULL: applied default value 'StartupWEBAPI_admin'", "logger": "TeamSystem.AlyCE" }
{ "time": "2026-07-08 11:00:00.1857", "level": "INFO", "threadid": ".NET TP Worker", "message": "Culture explicitely set as 'AlyCEUICulture: it-IT - AlyCECulture: it-IT'; user configurations ignored", "logger": "TeamSystem.AlyCE" }
{ "time": "2026-07-08 11:00:00.1857", "level": "WARN", "threadid": ".NET TP Worker", "environment": "GDB_TSE10_2189", "username": "admin", "company": "0", "message": "MakeSubscriptionOptions - A FW Job has been invoked but it would be good to specify the destination input module!", "logger": "TeamSystem.AlyCE" }
{ "time": "2026-07-08 11:00:00.2030", "level": "INFO", "threadid": ".NET Long Running Task", "environment": "GDB_TSE10_2189", "username": "admin", "company": "0", "message": "ConnectionString.ApplicationName NULL: applied default value 'StartupWEBAPI_admin'", "logger": "TeamSystem.AlyCE" }
{ "time": "2026-07-08 11:00:00.2030", "level": "INFO", "threadid": ".NET Long Running Task", "environment": "GDB_TSE10_2189", "username": "admin", "company": "0", "message": "Culture explicitely set as 'AlyCEUICulture: it-IT - AlyCECulture: it-IT'; user configurations ignored", "logger": "TeamSystem.AlyCE" }
{ "time": "2026-07-08 11:00:00.2030", "level": "WARN", "threadid": ".NET Long Running Task", "environment": "GDB_TSE10_2189", "username": "admin", "company": "0", "message": "'ICompanyContract' null for 'aziendaCorrente'='0'", "logger": "TeamSystem.AlyCE" }
{ "time": "2026-07-08 11:00:00.2197", "level": "INFO", "threadid": ".NET Long Running Task", "environment": "GDB_TSE10_2189", "username": "admin", "company": "0", "message": "ExecuteInternal of CleanProcessingJob started with payload {}", "logger": "TeamSystem.AlyCE" }
{ "time": "2026-07-08 11:00:00.2279", "level": "INFO", "threadid": ".NET Long Running Task", "environment": "GDB_TSE10_2189", "username": "admin", "company": "0", "message": "Job executed CLEAN_PROCESSING_DETAILS id: 127668 in 00:00:00.0131956", "logger": "TeamSystem.AlyCE.Services.Requests" }
{ "time": "2026-07-08 11:30:00.0132", "level": "INFO", "threadid": ".NET TP Worker", "message": "ConnectionString.ApplicationName NULL: applied default value 'StartupWEBAPI_admin'", "logger": "TeamSystem.AlyCE" }
{ "time": "2026-07-08 11:30:00.0132", "level": "INFO", "threadid": ".NET TP Worker", "message": "Culture explicitely set as 'AlyCEUICulture: it-IT - AlyCECulture: it-IT'; user configurations ignored", "logger": "TeamSystem.AlyCE" }
{ "time": "2026-07-08 11:30:00.0132", "level": "WARN", "threadid": ".NET TP Worker", "environment": "GDB_TSE10_2189", "username": "admin", "company": "0", "message": "MakeSubscriptionOptions - A FW Job has been invoked but it would be good to specify the destination input module!", "logger": "TeamSystem.AlyCE" }
{ "time": "2026-07-08 11:30:00.0400", "level": "INFO", "threadid": ".NET Long Running Task", "environment": "GDB_TSE10_2189", "username": "admin", "company": "0", "message": "ConnectionString.ApplicationName NULL: applied default value 'StartupWEBAPI_admin'", "logger": "TeamSystem.AlyCE" }
{ "time": "2026-07-08 11:30:00.0400", "level": "INFO", "threadid": ".NET Long Running Task", "environment": "GDB_TSE10_2189", "username": "admin", "company": "0", "message": "Culture explicitely set as 'AlyCEUICulture: it-IT - AlyCECulture: it-IT'; user configurations ignored", "logger": "TeamSystem.AlyCE" }
{ "time": "2026-07-08 11:30:00.0400", "level": "WARN", "threadid": ".NET Long Running Task", "environment": "GDB_TSE10_2189", "username": "admin", "company": "0", "message": "'ICompanyContract' null for 'aziendaCorrente'='0'", "logger": "TeamSystem.AlyCE" }
{ "time": "2026-07-08 11:30:00.0629", "level": "INFO", "threadid": ".NET Long Running Task", "environment": "GDB_TSE10_2189", "username": "admin", "company": "0", "message": "ExecuteInternal of CleanProcessingJob started with payload {}", "logger": "TeamSystem.AlyCE" }
{ "time": "2026-07-08 11:30:00.0713", "level": "INFO", "threadid": ".NET Long Running Task", "environment": "GDB_TSE10_2189", "username": "admin", "company": "0", "message": "Job executed CLEAN_PROCESSING_DETAILS id: 127669 in 00:00:00.0130814", "logger": "TeamSystem.AlyCE.Services.Requests" }
{ "time": "2026-07-08 12:00:00.1916", "level": "INFO", "threadid": ".NET TP Worker", "message": "ConnectionString.ApplicationName NULL: applied default value 'StartupWEBAPI_admin'", "logger": "TeamSystem.AlyCE" }
{ "time": "2026-07-08 12:00:00.1985", "level": "INFO", "threadid": ".NET TP Worker", "message": "Culture explicitely set as 'AlyCEUICulture: it-IT - AlyCECulture: it-IT'; user configurations ignored", "logger": "TeamSystem.AlyCE" }
{ "time": "2026-07-08 12:00:00.1985", "level": "WARN", "threadid": ".NET TP Worker", "environment": "GDB_TSE10_2189", "username": "admin", "company": "0", "message": "MakeSubscriptionOptions - A FW Job has been invoked but it would be good to specify the destination input module!", "logger": "TeamSystem.AlyCE" }
{ "time": "2026-07-08 12:00:00.2228", "level": "INFO", "threadid": ".NET Long Running Task", "environment": "GDB_TSE10_2189", "username": "admin", "company": "0", "message": "ConnectionString.ApplicationName NULL: applied default value 'StartupWEBAPI_admin'", "logger": "TeamSystem.AlyCE" }
{ "time": "2026-07-08 12:00:00.2228", "level": "INFO", "threadid": ".NET Long Running Task", "environment": "GDB_TSE10_2189", "username": "admin", "company": "0", "message": "Culture explicitely set as 'AlyCEUICulture: it-IT - AlyCECulture: it-IT'; user configurations ignored", "logger": "TeamSystem.AlyCE" }
{ "time": "2026-07-08 12:00:00.2228", "level": "WARN", "threadid": ".NET Long Running Task", "environment": "GDB_TSE10_2189", "username": "admin", "company": "0", "message": "'ICompanyContract' null for 'aziendaCorrente'='0'", "logger": "TeamSystem.AlyCE" }
{ "time": "2026-07-08 12:00:00.2473", "level": "INFO", "threadid": ".NET Long Running Task", "environment": "GDB_TSE10_2189", "username": "admin", "company": "0", "message": "ExecuteInternal of CleanProcessingJob started with payload {}", "logger": "TeamSystem.AlyCE" }
{ "time": "2026-07-08 12:00:00.2473", "level": "INFO", "threadid": ".NET Long Running Task", "environment": "GDB_TSE10_2189", "username": "admin", "company": "0", "message": "Job executed CLEAN_PROCESSING_DETAILS id: 127670 in 00:00:00.0122501", "logger": "TeamSystem.AlyCE.Services.Requests" }
{ "time": "2026-07-08 12:16:00.0056", "level": "INFO", "threadid": ".NET TP Worker", "message": "ConnectionString.ApplicationName NULL: applied default value 'StartupWEBAPI_admin'", "logger": "TeamSystem.AlyCE" }
{ "time": "2026-07-08 12:16:00.0100", "level": "INFO", "threadid": ".NET TP Worker", "message": "Culture explicitely set as 'AlyCEUICulture: it-IT - AlyCECulture: it-IT'; user configurations ignored", "logger": "TeamSystem.AlyCE" }
{ "time": "2026-07-08 12:16:00.0311", "level": "INFO", "threadid": ".NET Long Running Task", "environment": "GDB_TSE10_2189", "username": "admin", "company": "2", "message": "ConnectionString.ApplicationName NULL: applied default value 'StartupWEBAPI_admin'", "logger": "TeamSystem.AlyCE" }
{ "time": "2026-07-08 12:16:00.0311", "level": "INFO", "threadid": ".NET Long Running Task", "environment": "GDB_TSE10_2189", "username": "admin", "company": "2", "message": "Culture explicitely set as 'AlyCEUICulture: it-IT - AlyCECulture: it-IT'; user configurations ignored", "logger": "TeamSystem.AlyCE" }
{ "time": "2026-07-08 12:16:00.0311", "level": "WARN", "threadid": ".NET Long Running Task", "environment": "GDB_TSE10_2189", "username": "admin", "company": "0", "message": "'ICompanyContract' null for 'aziendaCorrente'='0'", "logger": "TeamSystem.AlyCE" }
{ "time": "2026-07-08 12:16:00.0599", "level": "INFO", "threadid": ".NET Long Running Task", "environment": "GDB_TSE10_2189", "username": "admin", "company": "0", "message": "Job executed PGMEXECCHECKER id: 127671 in 00:00:00.0171398", "logger": "TeamSystem.AlyCE.Services.Requests" }
{ "time": "2026-07-08 12:31:34.8592", "level": "INFO", "threadid": "1", "message": "NLog.config path: E:\\Program Files (x86)\\TeamSystem Software\\Enterprise\\FRAMEWORK\\bin\\NLog.config", "logger": "TeamSystem.AlyCE" }
{ "time": "2026-07-08 12:31:34.9402", "level": "INFO", "threadid": "1", "message": "Load configuration from 'E:\\Program Files (x86)\\TeamSystem Software\\Enterprise\\FRAMEWORK\\bin'", "logger": "TeamSystem.AlyCE" }
{ "time": "2026-07-08 12:31:35.1858", "level": "INFO", "threadid": "1", "message": "After parser UserInteractive: True RunAsConsole: False", "logger": "TeamSystem.AlyCE" }
{ "time": "2026-07-08 12:31:35.8153", "level": "INFO", "threadid": "1", "message": "NLog.config path: E:\\Program Files (x86)\\TeamSystem Software\\Enterprise\\FRAMEWORK\\bin\\NLog.config", "logger": "TeamSystem.AlyCE" }
{ "time": "2026-07-08 12:31:35.8667", "level": "INFO", "threadid": "1", "message": "Load configuration from 'E:\\Program Files (x86)\\TeamSystem Software\\Enterprise\\FRAMEWORK\\bin'", "logger": "TeamSystem.AlyCE" }
{ "time": "2026-07-08 12:31:36.0808", "level": "INFO", "threadid": "1", "message": "After parser UserInteractive: True RunAsConsole: True", "logger": "TeamSystem.AlyCE" }
{ "time": "2026-07-08 12:31:36.4176", "level": "WARN", "threadid": ".NET TP Worker", "message": "'AppSetting'.'TokenStorageImplementation' NOT FOUND: default value '' used", "logger": "TeamSystem.AlyCE" }
{ "time": "2026-07-08 12:31:36.5702", "level": "INFO", "threadid": ".NET TP Worker", "message": "Configuring DistributedCache Provider Type: Memory, Serializer Type: MessagePack.", "logger": "TeamSystem.AlyCE" }
{ "time": "2026-07-08 12:31:36.5978", "level": "INFO", "threadid": ".NET TP Worker", "message": "Initializing CacheFactory Type: MemoryDistributedCacheExtended, serializer Type: MessagePackSerializer", "logger": "TeamSystem.AlyCE.Shared.Cache" }
{ "time": "2026-07-08 12:31:36.6472", "level": "INFO", "threadid": ".NET TP Worker", "message": "'AppSetting'.'Alyante_ProductionMode' FOUND: explicit value 'True' used", "logger": "TeamSystem.AlyCE" }
{ "time": "2026-07-08 12:31:36.6472", "level": "INFO", "threadid": ".NET TP Worker", "message": "'AppSetting.TSID3_IdentityURI' SET: current value 'https://identity.teamsystem.com'", "logger": "TeamSystem.AlyCE" }
{ "time": "2026-07-08 12:31:37.0896", "level": "INFO", "threadid": ".NET TP Worker", "message": "SignalR (Default) Added.", "logger": "TeamSystem.AlyCE.SignalR.AlyCEHub" }
{ "time": "2026-07-08 12:31:41.8289", "level": "INFO", "threadid": ".NET TP Worker", "message": "AutoMapperHelper: configuration completed: '00:00:04.5798699'", "logger": "TeamSystem.AlyCE" }
{ "time": "2026-07-08 12:31:45.5923", "level": "ERROR", "threadid": ".NET TP Worker", "message": "AutoMapper configuration is not valid: \nUnmapped members were found. Review the types and members below.\nAdd a custom mapping expression, ignore, add a custom resolver, or modify the source/destination type\nFor no matching constructor, add a no-arg ctor, add optional arguments, or map all of the constructor parameters\n=========================================================================================================================================================================================================================================================================================================================================================================================================================================\\CRLFList`1 -> CollectionBaseDTO`1 (Destination member list)\\CRLFSystem.Collections.Generic.List`1[[TeamSystem.AlyCE.FW_FrameworkData.DomainModel.MenuPolyedro, TeamSystem.AlyCE.FW_FrameworkData, Version=1.0.0.0, Culture=neutral, PublicKeyToken=null]] -> TeamSystem.AlyCE.Services.FW_FrameworkData.DTO.CollectionBaseDTO`1[[TeamSystem.AlyCE.Services.FW_FrameworkData.DTO.MenuPolyedroDTO, TeamSystem.AlyCE.Services.FW_FrameworkData.DTO, Version=1.0.0.0, Culture=neutral, PublicKeyToken=null]] (Destination member list)\\CRLF\\CRLFUnmapped properties:\\CRLFItems\\CRLF==============================================================================================================================================\\CRLFAccountingBalanceParametersDTO -> AccountingBalanceParameters (Destination member list)\\CRLFTeamSystem.Alyante.FI_GLEntries.DTO.AccountingBalanceParametersDTO -> TeamSystem.Alyante.FI_GLEntries.DomainModel.AccountingBalanceParameters (Destination member list)\\CRLF\\CRLFUnmapped properties:\\CRLFRoundingDigits\\CRLFOfficeElabMethod\\CRLFOfficeList\\CRLFMultiOfficeElaboration\\CRLFAccountingSituation\\CRLFbillingPlansSimulationCode\\CRLFDisableReportGenerationAndAITrigger\\CRLF=======================================================================================================================================================================\\CRLFInstalmentGroupingDestStageParamsFIDTO -> InstalmentGroupingDestStageParamsFI (Destination member list)\\CRLFTeamSystem.Alyante.Services.FI_GLEntries.DTO.InstalmentGroupingDestStageParamsFIDTO -> TeamSystem.Alyante.FI_GLEntries.DomainModel.InstalmentGroupingDestStageParamsFI (Destination member list)\\CRLF\\CRLFUnmapped properties:\\CRLFNumdoc\\CRLFNumdocorig\\CRLFAnnopart\\CRLFDatadoc\\CRLFSezdoc\\CRLF========================================================================================================================================================================\\CRLFStagePaymentInstalmentAndHistoryParametersDTO -> StagePaymentParameters (Destination member list)\\CRLFTeamSystem.Alyante.Services.FI_GLEntries.DTO.StagePaymentInstalmentAndHistoryParametersDTO -> TeamSystem.Alyante.FI_GLEntries.DomainModel.Custom.StagePaymentParameters (Destination member list)\\CRLF\\CRLFUnmapped properties:\\CRLFIndCheckPIvaCf\\CRLF====================================================================================================================================================================================\\CRLFUpdateAllCSBankForInstalmentParametersDTO -> UpdateAllCSBankForInstalmentParameters (Destination member list)\\CRLFTeamSystem.Alyante.Services.FI_GLEntries.DTO.UpdateAllCSBankForInstalmentParametersDTO -> TeamSystem.Alyante.FI_GLEntries.DomainModel.Custom.UpdateAllCSBankForInstalmentParameters (Destination member list)\\CRLF\\CRLFUnmapped properties:\\CRLFIndFileType\\CRLF======================================================================================\\CRLFSearchDTO -> SearchGroup (Destination member list)\\CRLFTeamSystem.AlyCE.Services.Common.DTO.SearchDTO -> TeamSystem.AlyCE.Common.SearchGroup (Destination member list)\\CRLF\\CRLFUnmapped properties:\\CRLFItem\\CRLFExpressionList\\CRLFOperator\\CRLF======================================================================================================================================================\\CRLFElisionsCheckParametersDTO -> ElisionsCheckParameters (Destination member list)\\CRLFTeamSystem.Alyante.Services.FI_GLEntries.DTO.ElisionsCheckParametersDTO -> TeamSystem.Alyante.FI_GLEntries.DomainModel.Custom.ElisionsCheckParameters (Destination member list)\\CRLF\\CRLFUnmapped properties:\\CRLFIdProcessing\\CRLFYear\\CRLFProgrYear\\CRLF======================================================================================================================================================\\CRLFLeaseFIDeleteParametersDTO -> LeaseFIDeleteParameters (Destination member list)\\CRLFTeamSystem.Alyante.Services.FI_GLEntries.DTO.LeaseFIDeleteParametersDTO -> TeamSystem.Alyante.FI_GLEntries.DomainModel.Custom.LeaseFIDeleteParameters (Destination member list)\\CRLF\\CRLFUnmapped properties:\\CRLFIdProcessing\\CRLF==========================================================================================================================================================================================\\CRLFLeaseInvoicingPlanFIElaborationParametersDTO -> LeaseInvoicingPlanFIElaborationParameters (Destination member list)\\CRLFTeamSystem.Alyante.Services.FI_GLEntries.DTO.LeaseInvoicingPlanFIElaborationParametersDTO -> TeamSystem.Alyante.FI_GLEntries.DomainModel.Custom.LeaseInvoicingPlanFIElaborationParameters (Destination member list)\\CRLF\\CRLFUnmapped properties:\\CRLFIdProcessing\\CRLF==================================================================================================================================================================================\\CRLFLeaseInvoicingPlanFIElaborationResult -> LeaseInvoicingPlanFIElaborationResultDTO (Destination member list)\\CRLFTeamSystem.Alyante.FI_GLEntries.DomainModel.Custom.LeaseInvoicingPlanFIElaborationResult -> TeamSystem.Alyante.Services.FI_GLEntries.DTO.LeaseInvoicingPlanFIElaborationResultDTO (Destination member list)\\CRLF\\CRLFUnmapped properties:\\CRLFLeaseIdsOk\\CRLF=========================================================================================================================================================================================================\\CRLFAttendancesUploadParametersDTO -> AttendancesUpdaterParameters (Destination member list)\\CRLFTeamSystem.Alyante.Services.HR_IntegrationHub.DTO.AttendancesUploadParametersDTO -> TeamSystem.Alyante.HR_TsHrIntegration.DomainModel.Custom.PD_Integration.Attendances.MES.AttendancesUpdaterParameters (Destination member list)\\CRLF\\CRLFUnmapped properties:\\CRLFSendResponse\\CRLF================================================================================================================================================================\\CRLFStaffCostsGroupElaborationResult -> StaffCostsGroupElaborationResultDTO (Destination member list)\\CRLFTeamSystem.Alyante.HR_TsHrIntegration.StaffCostsGroupElaborationResult -> TeamSystem.Alyante.Services.HR_IntegrationHub.DTO.StaffCostsGroupElaborationResultDTO (Destination member list)\\CRLF\\CRLFUnmapped properties:\\CRLFAnalytical\\CRLF======================================================================================================================================================================\\CRLFExpensesReportElaborationParametersDTO -> ExpensesReportElaborationParameters (Destination member list)\\CRLFTeamSystem.Alyante.Services.HR_IntegrationHub.DTO.ExpensesReportElaborationParametersDTO -> TeamSystem.Alyante.HR_TsHrIntegration.ExpensesReportElaborationParameters (Destination member list)\\CRLF\\CRLFUnmapped properties:\\CRLFSendNotificationEmail\\CRLFSendResponse\\CRLF============================================================================================================================\\CRLFExpensesDetailDTO -> ExpensesDetail (Destination member list)\\CRLFTeamSystem.Alyante.Services.HR_IntegrationHub.DTO.ExpensesDetailDTO -> TeamSystem.Alyante.HR_TsHrIntegration.ExpensesDetail (Destination member list)\\CRLF\\CRLFUnmapped properties:\\CRLFAccountingReasonCode\\CRLF==============================================================================================================================================================\\CRLFStaffCostsElaborationParametersDTO -> StaffCostsElaborationParameters (Destination member list)\\CRLFTeamSystem.Alyante.Services.HR_IntegrationHub.DTO.StaffCostsElaborationParametersDTO -> TeamSystem.Alyante.HR_TsHrIntegration.StaffCostsElaborationParameters (Destination member list)\\CRLF\\CRLFUnmapped properties:\\CRLFSendNotificationEmail\\CRLFSendResponse\\CRLF============================================================================================================================\\CRLFStaffCostsItemDTO -> StaffCostsItem (Destination member list)\\CRLFTeamSystem.Alyante.Services.HR_IntegrationHub.DTO.StaffCostsItemDTO -> TeamSystem.Alyante.HR_TsHrIntegration.StaffCostsItem (Destination member list)\\CRLF\\CRLFUnmapped properties:\\CRLFAccountingReasonCode\\CRLF=========================================================================================================================================\\CRLFDocumentHeaderCallOptionsV2DTO -> DocumentHeaderCallOptions (Destination member list)\\CRLFTeamSystem.Alyante.Services.MG_Documenti.DTO.DocumentHeaderCallOptionsV2DTO -> TeamSystem.Alyante.MG_Documenti.DocumentHeaderCallOptions (Destination member list)\\CRLF\\CRLFUnmapped properties:\\CRLFFlgDisableMesh\\CRLF=============================================================================================================================\\CRLFDocumentRowCallOptionsV2DTO -> DocumentoCorpoMG (Destination member list)\\CRLFTeamSystem.Alyante.Services.MG_Documenti.DTO.DocumentRowCallOptionsV2DTO -> TeamSystem.Alyante.MG_Documenti.DocumentoCorpoMG (Destination member list)\\CRLF\\CRLFUnmapped properties:\\CRLFRemovedLotRows\\CRLFRemovedReferenceRows\\CRLFAlivaCg28\\CRLFAlivacompCg28\\CRLFAlivaeffCg28\\CRLFAltezza\\CRLFAlyanteState\\CRLFBarcode\\CRLFBase\\CRLFCapacita\\CRLFCausmagMg51\\CRLFCig\\CRLFCodabbFa02\\CRLFCodartcampMg94\\CRLFCodartcli\\CRLFCodartfor\\CRLFCodartMg66\\CRLFCoddepcolMg58\\CRLFCoddepdistMg58\\CRLFCoddepMg58\\CRLFCodescl1Mg82\\CRLFCodescl2Mg82\\CRLFCodescl3Mg82\\CRLFCodescl4Mg82\\CRLFCodfasePd12\\CRLFCodgrucampMg94\\CRLFCodpagCg62\\CRLFCodschedaMg42\\CRLFCodsedeCg31\\CRLFCodspesaMg04\\CRLFCodtestofixMg62\\CRLFColli\\CRLFCostotot\\CRLFCostototVal\\CRLFCpmerceCg24\\CRLFCup\\CRLFDescart\\CRLFDescartl\\CRLFDitta\\CRLFDo30Guid\\CRLFEstdescart\\CRLFEstdescartl\\CRLFFatconv\\CRLFFatconvcf\\CRLFFlgAgggrupf\\CRLFFlgAggmagaz\\CRLFFlgAlivaeffvar\\CRLFFlgCaricpf\\CRLFFlgContribinteg\\CRLFFlgContribprev\\CRLFFlgDastgior\\CRLFFlgEsclasspart\\CRLFFlgEsclscpiede\\CRLFFlgEsclspese\\CRLFFlgEsclstamp\\CRLFFlgEspldist\\CRLFFlgEst\\CRLFFlgEvasval\\CRLFFlgIvaagincl\\CRLFFlgIvacomp\\CRLFFlgIvandincl\\CRLFFlgIvaprincl\\CRLFFlgIvarid\\CRLFFlgIvaverde\\CRLFFlgMovimacc\\CRLFFlgMovimdesc\\CRLFFlgMovimimp\\CRLFFlgNocamb\\CRLFFlgNoprov\\CRLFFlgOramin\\CRLFFlgPers\\CRLFFlgPrscvar\\CRLFFlgQtacontr\\CRLFFlgRitacc\\CRLFFlgRitenas\\CRLFFlgSpdefile\\CRLFFlgStamgior\\CRLFFlgStampdist\\CRLFFlgStetic\\CRLFFlgStpart\\CRLFIdCo1a\\CRLFIdconfbaseCm12\\CRLFIddisbaPd95\\CRLFIdmediaCg99\\CRLFImpnetscp\\CRLFImpnetscpVal\\CRLFImporto\\CRLFImportoiva\\CRLFImportoivaVal\\CRLFImportoVal\\CRLFIndaliqtipo\\CRLFIndcalcpre1\\CRLFIndcalcpre2\\CRLFIndcalcprecf\\CRLFIndcalcqta1\\CRLFIndcalcqta2\\CRLFIndcalcqtacf\\CRLFIndcosvend\\CRLFInddbcong\\CRLFIndinizfine\\CRLFIndlisacqven\\CRLFIndlisfisso\\CRLFIndlisprior\\CRLFIndmaguntot\\CRLFIndmerceart62\\CRLFIndomadestriv\\CRLFIndorigfabb\\CRLFIndprovriga\\CRLFIndtipodati\\CRLFIndtipoespkit\\CRLFIndtipoomag\\CRLFIndtiporiga\\CRLFIndtotaliz\\CRLFIndvalorizdiba\\CRLFIvaag\\CRLFIvand\\CRLFIvapr\\CRLFLineaFa05\\CRLFMagimp\\CRLFMagper1\\CRLFMagper2\\CRLFMargimplorscp\\CRLFMargimpnetscp\\CRLFMargmedlorscp\\CRLFMargmednetscp\\CRLFNumlisfisso\\CRLFNumlistcosvend\\CRLFNumlistdiba\\CRLFNumReg\\CRLFNumregcolCo99\\CRLFOpzioneMg5e\\CRLFPesol\\CRLFPeson\\CRLFPrezzo1\\CRLFPrezzo1iva\\CRLFPrezzo2\\CRLFPrezzo2iva\\CRLFPrezzocf\\CRLFPrezzocfiva\\CRLFProfondita\\CRLFProgconfcomm\\CRLFProgpadre\\CRLFProgpkit\\CRLFProgrRiga\\CRLFProgvisuasta\\CRLFPzconf\\CRLFQta1\\CRLFQta2\\CRLFQtacf\\CRLFQtalib1\\CRLFQtalib2\\CRLFQtalib3\\CRLFQtalib4\\CRLFRepartoreg\\CRLFScimp\\CRLFScper1\\CRLFScper2\\CRLFScper3\\CRLFScper4\\CRLFScper5\\CRLFScper6\\CRLFStagioneMg5t\\CRLFSvar1\\CRLFSvar2\\CRLFTara\\CRLFUm1\\CRLFUm2\\CRLFUmcapac\\CRLFUmcf\\CRLFUmpeso\\CRLFUmvolume\\CRLFVallib1\\CRLFVallib2\\CRLFVallib3\\CRLFVallib4\\CRLFValutaCg08\\CRLFVolume\\CRLFRemovedDocumentoCorpoCOINMG\\CRLFDocumentoCorpoCOINMG\\CRLFRemovedPackaging\\CRLFPackaging\\CRLFRigaEstesa\\CRLFRemovedRigaIntra\\CRLFRigaIntra\\CRLFRigaLotti\\CRLFRemovedRigaOrdine\\CRLFRigaOrdine\\CRLFRigaPersonalizzata\\CRLFRemovedDocumentoCorpoProgettiMG\\CRLFDocumentoCorpoProgettiMG\\CRLFDocumentoCorpoProvvigioniMG\\CRLFRemovedDocumentoCorpoRateiMG\\CRLFDocumentoCorpoRateiMG\\CRLFRigaRiferimenti\\CRLFRemovedStatoAttualeCO\\CRLFStatoAttualeCO\\CRLFEsclusioneSpesaMG\\CRLFEsclusioneSpesaMG2\\CRLFEsclusioneSpesaMG3\\CRLFEsclusioneSpesaMG4\\CRLFItemWH\\CRLFOfficeCO\\CRLFSpesaVariaMG\\CRLFTestoFissoMG\\CRLFCodIvaCOEff\\CRLFCodIvaCO\\CRLFStageGuid\\CRLFStageState\\CRLFStageId\\CRLFStageParentId\\CRLFDomainState\\CRLFInternalState\\CRLFIsImporting\\CRLFChildrenWS\\CRLFCurrentDeserializationLevel\\CRLF====================================================================================================================\\CRLFDocumentoCorpoMG -> DocumentRowV2MGDTO (Destination member list)\\CRLFTeamSystem.Alyante.MG_Documenti.DocumentoCorpoMG -> TeamSystem.Alyante.Services.MG_Documenti.DTO.DocumentRowV2MGDTO (Destination member list)\\CRLF\\CRLFUnmapped properties:\\CRLFCallOptions\\CRLF=======================================================================================================================================\\CRLFImportDocumentMGParameterDTO -> ImportDocumentMGParameter (Destination member list)\\CRLFTeamSystem.Alyante.Services.MG_Documenti.DTO.ImportDocumentMGParameterDTO -> TeamSystem.Alyante.MG_Documenti.ImportDocumentMGParameter (Destination member list)\\CRLF\\CRLFUnmapped properties:\\CRLFGuidSession\\CRLFCodStructureType\\CRLFCodStructureSubType\\CRLFFilePathTemp\\CRLFProcessingType\\CRLF=======================================================================================================================================\\CRLFExportDocumentMGParameterDTO -> ExportDocumentMGParameter (Destination member list)\\CRLFTeamSystem.Alyante.Services.MG_Documenti.DTO.ExportDocumentMGParameterDTO -> TeamSystem.Alyante.MG_Documenti.ExportDocumentMGParameter (Destination member list)\\CRLF\\CRLFUnmapped properties:\\CRLFGuidSession\\CRLFCodStructureType\\CRLFCodStructureSubType\\CRLFFilePathTemp\\CRLFProcessingType\\CRLFWhereExport\\CRLF===================================================================================================================================\\CRLFLoadProductKitParameterDTO -> LoadProductKitParameter (Destination member list)\\CRLFTeamSystem.Alyante.Services.MG_Documenti.DTO.LoadProductKitParameterDTO -> TeamSystem.Alyante.MG_Documenti.LoadProductKitParameter (Destination member list)\\CRLF\\CRLFUnmapped properties:\\CRLFGenerateLoadDocument\\CRLF=======================================================================================================================================\\CRLFDocumentHeaderCallOptionsDTO -> DocumentHeaderCallOptions (Destination member list)\\CRLFTeamSystem.Alyante.Services.MG_Documenti.DTO.DocumentHeaderCallOptionsDTO -> TeamSystem.Alyante.MG_Documenti.DocumentHeaderCallOptions (Destination member list)\\CRLF\\CRLFUnmapped properties:\\CRLFFlgDisableMesh\\CRLF=============================================================================================================================================================================\\CRLFPurchasePaymentFromInstalmentParametersDTO -> PurchasePaymentFromInstalmentParameters (Destination member list)\\CRLFTeamSystem.Alyante.Services.WT_WithHoldingTax.DTO.PurchasePaymentFromInstalmentParametersDTO -> TeamSystem.Alyante.WT_WithHoldingTax.PurchasePaymentFromInstalmentParameters (Destination member list)\\CRLF\\CRLFUnmapped properties:\\CRLFdataPag\\CRLF=====================================================================================================================================================================\\CRLFSalePaymentFromInstalmentParametersDTO -> SalePaymentFromInstalmentParameters (Destination member list)\\CRLFTeamSystem.Alyante.Services.WT_WithHoldingTax.DTO.SalePaymentFromInstalmentParametersDTO -> TeamSystem.Alyante.WT_WithHoldingTax.SalePaymentFromInstalmentParameters (Destination member list)\\CRLF\\CRLFUnmapped properties:\\CRLFdataPag\\CRLF", "logger": "TeamSystem.AlyCE" }
{ "time": "2026-07-08 12:31:46.6354", "level": "WARN", "threadid": ".NET TP Worker", "message": "\t MISSING Assembly Dependency E:\\Program Files (x86)\\TeamSystem Software\\Enterprise\\FRAMEWORK\\bin\\Serilog.dll", "logger": "TeamSystem.AlyCE" }
{ "time": "2026-07-08 12:31:46.8862", "level": "INFO", "threadid": ".NET TP Worker", "message": "'AppSetting'.'NatsFeatureFlag' FOUND: explicit value 'True' used", "logger": "TeamSystem.AlyCE" }
{ "time": "2026-07-08 12:31:46.8862", "level": "WARN", "threadid": ".NET TP Worker", "message": "'AppSetting'.'NatsEnvironmentQueues' NOT FOUND: default value 'False' used", "logger": "TeamSystem.AlyCE" }
{ "time": "2026-07-08 12:31:46.9655", "level": "INFO", "threadid": ".NET TP Worker", "message": "'AppSetting'.'NatsRetryTimes' FOUND: explicit value '5' used", "logger": "TeamSystem.AlyCE" }
{ "time": "2026-07-08 12:31:46.9655", "level": "INFO", "threadid": ".NET TP Worker", "message": "Attempt 1 to establish NATS connection", "logger": "TeamSystem.AlyCE" }
{ "time": "2026-07-08 12:31:47.0097", "level": "INFO", "threadid": ".NET TP Worker", "message": "Connection established id=NCVNFJK4PKNGJKLIIXS3JQWOSZ7NXJAAJXUTQ34H3CEFR5FKHSQKBEVY status=CONNECTED False False", "logger": "TeamSystem.AlyCE" }
{ "time": "2026-07-08 12:31:47.6704", "level": "INFO", "threadid": ".NET TP Worker", "message": "Created connection for consumer 10-147-9-184-9080_Alyante_FI_HIGH_50cddab8-8218-4f04-a1c0-bc2b6666d0cd_1", "logger": "TeamSystem.AlyCE" }
{ "time": "2026-07-08 12:31:47.6704", "level": "INFO", "threadid": ".NET TP Worker", "message": "Created connection for consumer 10-147-9-184-9080_Alyante_ALL_HIGH_ac453365-a7c5-473b-bc8a-e850902d771d_1", "logger": "TeamSystem.AlyCE" }
{ "time": "2026-07-08 12:31:47.6704", "level": "INFO", "threadid": ".NET TP Worker", "message": "Created connection for consumer 10-147-9-184-9080_Alyante_FW_HIGH_4af4e76a-3094-47f5-8496-124ebe664a58_1", "logger": "TeamSystem.AlyCE" }
{ "time": "2026-07-08 12:31:47.6704", "level": "INFO", "threadid": ".NET TP Worker", "message": "Created connection for consumer 10-147-9-184-9080_Alyante_CO_HIGH_d6cccef7-2e41-4543-a14d-efab9c3947fe_1", "logger": "TeamSystem.AlyCE" }
{ "time": "2026-07-08 12:31:47.7692", "level": "INFO", "threadid": ".NET TP Worker", "message": "Created subscription for the subject Alyante.FI.HIGH for queue group Alyante.FI.HIGH", "logger": "TeamSystem.AlyCE" }
{ "time": "2026-07-08 12:31:47.7692", "level": "INFO", "threadid": ".NET TP Worker", "message": "Created subscription for the subject Alyante.FW.HIGH for queue group Alyante.FW.HIGH", "logger": "TeamSystem.AlyCE" }
{ "time": "2026-07-08 12:31:47.7692", "level": "INFO", "threadid": ".NET TP Worker", "message": "Created subscription for the subject Alyante.CO.HIGH for queue group Alyante.CO.HIGH", "logger": "TeamSystem.AlyCE" }
{ "time": "2026-07-08 12:31:47.7692", "level": "INFO", "threadid": ".NET TP Worker", "message": "Created subscription for the subject Alyante.ALL.HIGH for queue group Alyante.ALL.HIGH", "logger": "TeamSystem.AlyCE" }
{ "time": "2026-07-08 12:31:48.6776", "level": "INFO", "threadid": ".NET TP Worker", "message": "Created connection for consumer 10-147-9-184-9080_Alyante_FW_HIGH_7b743fad-2df6-4a19-910e-9bdc2e54aa48_2", "logger": "TeamSystem.AlyCE" }
{ "time": "2026-07-08 12:31:48.6776", "level": "INFO", "threadid": ".NET TP Worker", "message": "Created connection for consumer 10-147-9-184-9080_Alyante_FI_HIGH_34a24703-c1a6-4618-aec8-bd8327d6d99d_2", "logger": "TeamSystem.AlyCE" }
{ "time": "2026-07-08 12:31:48.6776", "level": "INFO", "threadid": ".NET TP Worker", "message": "Created connection for consumer 10-147-9-184-9080_Alyante_CO_HIGH_ac2ecfe5-6783-4e58-81bd-b333adc83844_2", "logger": "TeamSystem.AlyCE" }
{ "time": "2026-07-08 12:31:48.6776", "level": "INFO", "threadid": ".NET TP Worker", "message": "Created connection for consumer 10-147-9-184-9080_Alyante_WT_HIGH_0ca4077c-3bd5-4a02-9b9a-39a9d63a6683_1", "logger": "TeamSystem.AlyCE" }
{ "time": "2026-07-08 12:31:48.6776", "level": "INFO", "threadid": ".NET TP Worker", "message": "Created connection for consumer 10-147-9-184-9080_Alyante_ALL_HIGH_11ced393-06c5-46e4-945d-865b3cb6866f_2", "logger": "TeamSystem.AlyCE" }
{ "time": "2026-07-08 12:31:48.6776", "level": "INFO", "threadid": ".NET TP Worker", "message": "Created subscription for the subject Alyante.FW.HIGH for queue group Alyante.FW.HIGH", "logger": "TeamSystem.AlyCE" }
{ "time": "2026-07-08 12:31:48.6776", "level": "INFO", "threadid": ".NET TP Worker", "message": "Created subscription for the subject Alyante.FI.HIGH for queue group Alyante.FI.HIGH", "logger": "TeamSystem.AlyCE" }
{ "time": "2026-07-08 12:31:48.6776", "level": "INFO", "threadid": ".NET TP Worker", "message": "Created subscription for the subject Alyante.CO.HIGH for queue group Alyante.CO.HIGH", "logger": "TeamSystem.AlyCE" }
{ "time": "2026-07-08 12:31:48.6776", "level": "INFO", "threadid": ".NET TP Worker", "message": "Created subscription for the subject Alyante.WT.HIGH for queue group Alyante.WT.HIGH", "logger": "TeamSystem.AlyCE" }
{ "time": "2026-07-08 12:31:48.6776", "level": "INFO", "threadid": ".NET TP Worker", "message": "Created subscription for the subject Alyante.ALL.HIGH for queue group Alyante.ALL.HIGH", "logger": "TeamSystem.AlyCE" }
{ "time": "2026-07-08 12:31:49.1970", "level": "INFO", "threadid": ".NET TP Worker", "message": "Created connection for consumer 10-147-9-184-9080_Alyante_WT_HIGH_95db5d95-6319-4958-ab4f-b2e943845741_2", "logger": "TeamSystem.AlyCE" }
{ "time": "2026-07-08 12:31:49.1970", "level": "INFO", "threadid": ".NET TP Worker", "message": "Created connection for consumer 10-147-9-184-9080_Alyante_ALL_LOW_4961d001-7702-4db7-bad6-51a489324f1a_3", "logger": "TeamSystem.AlyCE" }
{ "time": "2026-07-08 12:31:49.1970", "level": "INFO", "threadid": ".NET TP Worker", "message": "Created connection for consumer 10-147-9-184-9080_Alyante_FA_HIGH_400a7b56-de43-4c2d-80ae-ffff7c9158aa_1", "logger": "TeamSystem.AlyCE" }
{ "time": "2026-07-08 12:31:49.1970", "level": "INFO", "threadid": ".NET TP Worker", "message": "Created connection for consumer 10-147-9-184-9080_Alyante_FW_LOW_b4599466-2d31-4de4-ad54-a7861e140eef_3", "logger": "TeamSystem.AlyCE" }
{ "time": "2026-07-08 12:31:49.1970", "level": "INFO", "threadid": ".NET TP Worker", "message": "Created connection for consumer 10-147-9-184-9080_Alyante_FI_LOW_64a2c685-0db0-447d-8f15-a589d729ced1_3", "logger": "TeamSystem.AlyCE" }
{ "time": "2026-07-08 12:31:49.1970", "level": "INFO", "threadid": ".NET TP Worker", "message": "Created connection for consumer 10-147-9-184-9080_Alyante_CO_LOW_2b2b0840-bf43-4263-8756-7bf495c2d77a_3", "logger": "TeamSystem.AlyCE" }
{ "time": "2026-07-08 12:31:49.1970", "level": "INFO", "threadid": ".NET TP Worker", "message": "Created subscription for the subject Alyante.ALL.LOW for queue group Alyante.ALL.LOW", "logger": "TeamSystem.AlyCE" }
{ "time": "2026-07-08 12:31:49.1970", "level": "INFO", "threadid": ".NET TP Worker", "message": "Created subscription for the subject Alyante.WT.HIGH for queue group Alyante.WT.HIGH", "logger": "TeamSystem.AlyCE" }
{ "time": "2026-07-08 12:31:49.1970", "level": "INFO", "threadid": ".NET TP Worker", "message": "Created subscription for the subject Alyante.FA.HIGH for queue group Alyante.FA.HIGH", "logger": "TeamSystem.AlyCE" }
{ "time": "2026-07-08 12:31:49.1970", "level": "INFO", "threadid": ".NET TP Worker", "message": "Created subscription for the subject Alyante.FW.LOW for queue group Alyante.FW.LOW", "logger": "TeamSystem.AlyCE" }
{ "time": "2026-07-08 12:31:49.1970", "level": "INFO", "threadid": ".NET TP Worker", "message": "Created subscription for the subject Alyante.FI.LOW for queue group Alyante.FI.LOW", "logger": "TeamSystem.AlyCE" }
{ "time": "2026-07-08 12:31:49.1970", "level": "INFO", "threadid": ".NET TP Worker", "message": "Created subscription for the subject Alyante.CO.LOW for queue group Alyante.CO.LOW", "logger": "TeamSystem.AlyCE" }
{ "time": "2026-07-08 12:31:49.1970", "level": "INFO", "threadid": ".NET TP Worker", "message": "Created connection for consumer 10-147-9-184-9080_Alyante_SIGNALR_HIGH_99e5cf4a-a331-4efd-bb78-12463b48a378_1", "logger": "TeamSystem.AlyCE" }
{ "time": "2026-07-08 12:31:49.1970", "level": "INFO", "threadid": ".NET TP Worker", "message": "Created connection for consumer 10-147-9-184-9080_Alyante_WT_LOW_505d10d6-d7cd-4004-b0f6-0ad66617bd65_3", "logger": "TeamSystem.AlyCE" }
{ "time": "2026-07-08 12:31:49.1970", "level": "INFO", "threadid": ".NET TP Worker", "message": "Created connection for consumer 10-147-9-184-9080_Alyante_FA_HIGH_abd6ec21-a3d7-4b44-9b92-e4e2691f4d6c_2", "logger": "TeamSystem.AlyCE" }
{ "time": "2026-07-08 12:31:49.1970", "level": "INFO", "threadid": ".NET TP Worker", "message": "Created connection for consumer 10-147-9-184-9080_Alyante_CI_HIGH_ae9b261e-da06-4a7f-8e2e-7c4e132494b2_1", "logger": "TeamSystem.AlyCE" }
{ "time": "2026-07-08 12:31:49.1970", "level": "INFO", "threadid": ".NET TP Worker", "message": "Created connection for consumer 10-147-9-184-9080_Alyante_FW_HIGH_fcd63ac8-1e96-43de-8483-0fbfca591eda_4", "logger": "TeamSystem.AlyCE" }
{ "time": "2026-07-08 12:31:49.1970", "level": "INFO", "threadid": ".NET TP Worker", "message": "Created subscription for the subject Alyante.SIGNALR.HIGH for queue group Alyante.SIGNALR.HIGH", "logger": "TeamSystem.AlyCE" }
{ "time": "2026-07-08 12:31:49.1970", "level": "INFO", "threadid": ".NET TP Worker", "message": "Created connection for consumer 10-147-9-184-9080_Alyante_FI_HIGH_409ec0e5-049d-4dc2-8cc5-843480eaebf9_4", "logger": "TeamSystem.AlyCE" }
{ "time": "2026-07-08 12:31:49.1970", "level": "INFO", "threadid": ".NET TP Worker", "message": "Created subscription for the subject Alyante.WT.LOW for queue group Alyante.WT.LOW", "logger": "TeamSystem.AlyCE" }
{ "time": "2026-07-08 12:31:49.1970", "level": "INFO", "threadid": ".NET TP Worker", "message": "Created subscription for the subject Alyante.FA.HIGH for queue group Alyante.FA.HIGH", "logger": "TeamSystem.AlyCE" }
{ "time": "2026-07-08 12:31:49.2058", "level": "INFO", "threadid": ".NET TP Worker", "message": "Created subscription for the subject Alyante.CI.HIGH for queue group Alyante.CI.HIGH", "logger": "TeamSystem.AlyCE" }
{ "time": "2026-07-08 12:31:49.2058", "level": "INFO", "threadid": ".NET TP Worker", "message": "Created subscription for the subject Alyante.FW.HIGH for queue group Alyante.FW.HIGH", "logger": "TeamSystem.AlyCE" }
{ "time": "2026-07-08 12:31:49.2058", "level": "INFO", "threadid": ".NET TP Worker", "message": "Created subscription for the subject Alyante.FI.HIGH for queue group Alyante.FI.HIGH", "logger": "TeamSystem.AlyCE" }
{ "time": "2026-07-08 12:31:49.2058", "level": "INFO", "threadid": ".NET TP Worker", "message": "Created connection for consumer 10-147-9-184-9080_Alyante_SIGNALR_HIGH_8056bdfc-7cb4-49a9-9c7d-f5fb6868f7cc_2", "logger": "TeamSystem.AlyCE" }
{ "time": "2026-07-08 12:31:49.2058", "level": "INFO", "threadid": ".NET TP Worker", "message": "Created connection for consumer 10-147-9-184-9080_Alyante_FP_HIGH_fc75b206-35dc-4994-898f-915c499da5b8_1", "logger": "TeamSystem.AlyCE" }
{ "time": "2026-07-08 12:31:49.2058", "level": "INFO", "threadid": ".NET TP Worker", "message": "Created connection for consumer 10-147-9-184-9080_Alyante_FA_LOW_f4c086db-3759-4768-8415-e866551343f2_3", "logger": "TeamSystem.AlyCE" }
{ "time": "2026-07-08 12:31:49.2058", "level": "INFO", "threadid": ".NET TP Worker", "message": "Created connection for consumer 10-147-9-184-9080_Alyante_CI_HIGH_43ecf49f-7f09-4bd5-baf5-8c49d3f56b79_2", "logger": "TeamSystem.AlyCE" }
{ "time": "2026-07-08 12:31:49.2058", "level": "INFO", "threadid": ".NET TP Worker", "message": "Created subscription for the subject Alyante.SIGNALR.HIGH for queue group Alyante.SIGNALR.HIGH", "logger": "TeamSystem.AlyCE" }
{ "time": "2026-07-08 12:31:49.2058", "level": "INFO", "threadid": ".NET TP Worker", "message": "Created connection for consumer 10-147-9-184-9080_Alyante_FW_LOW_1ccd833c-a611-4e65-9524-32a9f195091a_4", "logger": "TeamSystem.AlyCE" }
{ "time": "2026-07-08 12:31:49.2058", "level": "INFO", "threadid": ".NET TP Worker", "message": "Created subscription for the subject Alyante.FP.HIGH for queue group Alyante.FP.HIGH", "logger": "TeamSystem.AlyCE" }
{ "time": "2026-07-08 12:31:49.2058", "level": "INFO", "threadid": ".NET TP Worker", "message": "Created connection for consumer 10-147-9-184-9080_Alyante_FI_LOW_d9c029b3-4903-40f1-9761-d9fd1f67e85d_4", "logger": "TeamSystem.AlyCE" }
{ "time": "2026-07-08 12:31:49.2058", "level": "INFO", "threadid": ".NET TP Worker", "message": "Created subscription for the subject Alyante.FA.LOW for queue group Alyante.FA.LOW", "logger": "TeamSystem.AlyCE" }
{ "time": "2026-07-08 12:31:49.2058", "level": "INFO", "threadid": ".NET TP Worker", "message": "Created subscription for the subject Alyante.CI.HIGH for queue group Alyante.CI.HIGH", "logger": "TeamSystem.AlyCE" }
{ "time": "2026-07-08 12:31:49.2058", "level": "INFO", "threadid": ".NET TP Worker", "message": "Created subscription for the subject Alyante.FW.LOW for queue group Alyante.FW.LOW", "logger": "TeamSystem.AlyCE" }
{ "time": "2026-07-08 12:31:49.2058", "level": "INFO", "threadid": ".NET TP Worker", "message": "Created subscription for the subject Alyante.FI.LOW for queue group Alyante.FI.LOW", "logger": "TeamSystem.AlyCE" }
{ "time": "2026-07-08 12:31:49.2058", "level": "INFO", "threadid": ".NET TP Worker", "message": "Created connection for consumer 10-147-9-184-9080_Alyante_SIGNALR_LOW_56fd0c8a-3d3f-4538-a2f6-0b43ac044314_3", "logger": "TeamSystem.AlyCE" }
{ "time": "2026-07-08 12:31:49.2058", "level": "INFO", "threadid": ".NET TP Worker", "message": "Created connection for consumer 10-147-9-184-9080_Alyante_FP_HIGH_e9d13290-836c-4f9d-9048-bc022ba4c51b_2", "logger": "TeamSystem.AlyCE" }
{ "time": "2026-07-08 12:31:49.2058", "level": "INFO", "threadid": ".NET TP Worker", "message": "Created subscription for the subject Alyante.SIGNALR.LOW for queue group Alyante.SIGNALR.LOW", "logger": "TeamSystem.AlyCE" }
{ "time": "2026-07-08 12:31:49.2058", "level": "INFO", "threadid": ".NET TP Worker", "message": "Created connection for consumer 10-147-9-184-9080_Alyante_IN_HIGH_661d1099-c1dd-47ed-8b39-50b34d396e49_1", "logger": "TeamSystem.AlyCE" }
{ "time": "2026-07-08 12:31:49.2058", "level": "INFO", "threadid": ".NET TP Worker", "message": "Created subscription for the subject Alyante.FP.HIGH for queue group Alyante.FP.HIGH", "logger": "TeamSystem.AlyCE" }
{ "time": "2026-07-08 12:31:49.2058", "level": "INFO", "threadid": ".NET TP Worker", "message": "Created connection for consumer 10-147-9-184-9080_Alyante_CI_LOW_a64d9cc7-2622-4803-bce3-7fcc73e987db_3", "logger": "TeamSystem.AlyCE" }
{ "time": "2026-07-08 12:31:49.2058", "level": "INFO", "threadid": ".NET TP Worker", "message": "Created subscription for the subject Alyante.IN.HIGH for queue group Alyante.IN.HIGH", "logger": "TeamSystem.AlyCE" }
{ "time": "2026-07-08 12:31:49.2058", "level": "INFO", "threadid": ".NET TP Worker", "message": "Created subscription for the subject Alyante.CI.LOW for queue group Alyante.CI.LOW", "logger": "TeamSystem.AlyCE" }
{ "time": "2026-07-08 12:31:49.2058", "level": "INFO", "threadid": ".NET TP Worker", "message": "Created connection for consumer 10-147-9-184-9080_Alyante_FP_LOW_f4510e66-3576-4af1-b5a0-59dd7d19156e_3", "logger": "TeamSystem.AlyCE" }
{ "time": "2026-07-08 12:31:49.2058", "level": "INFO", "threadid": ".NET TP Worker", "message": "Created subscription for the subject Alyante.FP.LOW for queue group Alyante.FP.LOW", "logger": "TeamSystem.AlyCE" }
{ "time": "2026-07-08 12:31:49.2058", "level": "INFO", "threadid": ".NET TP Worker", "message": "Created connection for consumer 10-147-9-184-9080_Alyante_IN_HIGH_4ce995a4-9cc3-4e13-97fa-bdacf89b33c8_2", "logger": "TeamSystem.AlyCE" }
{ "time": "2026-07-08 12:31:49.2058", "level": "INFO", "threadid": ".NET TP Worker", "message": "Created subscription for the subject Alyante.IN.HIGH for queue group Alyante.IN.HIGH", "logger": "TeamSystem.AlyCE" }
{ "time": "2026-07-08 12:31:49.2210", "level": "INFO", "threadid": ".NET TP Worker", "message": "Created connection for consumer 10-147-9-184-9080_Alyante_HR_HIGH_538d32db-eb93-40fd-810c-8b2a39b3bdac_1", "logger": "TeamSystem.AlyCE" }
{ "time": "2026-07-08 12:31:49.2210", "level": "INFO", "threadid": ".NET TP Worker", "message": "Created subscription for the subject Alyante.HR.HIGH for queue group Alyante.HR.HIGH", "logger": "TeamSystem.AlyCE" }
{ "time": "2026-07-08 12:31:49.2210", "level": "INFO", "threadid": ".NET TP Worker", "message": "Created connection for consumer 10-147-9-184-9080_Alyante_IN_LOW_991134f4-b66c-4262-a34f-86321b88e9f6_3", "logger": "TeamSystem.AlyCE" }
{ "time": "2026-07-08 12:31:49.2210", "level": "INFO", "threadid": ".NET TP Worker", "message": "Created subscription for the subject Alyante.IN.LOW for queue group Alyante.IN.LOW", "logger": "TeamSystem.AlyCE" }
{ "time": "2026-07-08 12:31:49.2210", "level": "INFO", "threadid": ".NET TP Worker", "message": "Created connection for consumer 10-147-9-184-9080_Alyante_HR_HIGH_9021cb55-d083-477e-81a7-1139396382be_2", "logger": "TeamSystem.AlyCE" }
{ "time": "2026-07-08 12:31:49.2210", "level": "INFO", "threadid": ".NET TP Worker", "message": "Created subscription for the subject Alyante.HR.HIGH for queue group Alyante.HR.HIGH", "logger": "TeamSystem.AlyCE" }
{ "time": "2026-07-08 12:31:49.2210", "level": "INFO", "threadid": ".NET TP Worker", "message": "Created connection for consumer 10-147-9-184-9080_Alyante_HR_LOW_1275dcb0-29ef-41a9-bee1-27d5ffaa69f1_3", "logger": "TeamSystem.AlyCE" }
{ "time": "2026-07-08 12:31:49.2210", "level": "INFO", "threadid": ".NET TP Worker", "message": "Created subscription for the subject Alyante.HR.LOW for queue group Alyante.HR.LOW", "logger": "TeamSystem.AlyCE" }
{ "time": "2026-07-08 12:31:49.2210", "level": "INFO", "threadid": ".NET TP Worker", "message": "'AppSetting'.'NeedNatsRunning' FOUND: explicit value 'False' used", "logger": "TeamSystem.AlyCE" }
{ "time": "2026-07-08 12:31:54.3982", "level": "INFO", "threadid": ".NET TP Worker", "message": "'AppSetting'.'UseModuleInUrl' FOUND: explicit value 'True' used", "logger": "TeamSystem.AlyCE" }
{ "time": "2026-07-08 12:31:54.3982", "level": "INFO", "threadid": ".NET TP Worker", "message": "'AppSetting'.'UseModuleInUrl' FOUND: explicit value 'True' used", "logger": "TeamSystem.AlyCE" }
{ "time": "2026-07-08 12:31:54.3982", "level": "INFO", "threadid": ".NET TP Worker", "message": "'AppSetting'.'UseModuleInUrl' FOUND: explicit value 'True' used", "logger": "TeamSystem.AlyCE" }
{ "time": "2026-07-08 12:31:54.3982", "level": "INFO", "threadid": ".NET TP Worker", "message": "'AppSetting'.'UseModuleInUrl' FOUND: explicit value 'True' used", "logger": "TeamSystem.AlyCE" }
{ "time": "2026-07-08 12:32:04.6675", "level": "WARN", "threadid": ".NET TP Worker", "message": "ApiVersion is null for api/askme/about", "logger": "TeamSystem.AlyCE" }
{ "time": "2026-07-08 12:32:04.6675", "level": "WARN", "threadid": ".NET TP Worker", "message": "ApiVersion is null for api/askme/{pathVars}", "logger": "TeamSystem.AlyCE" }
{ "time": "2026-07-08 12:32:04.6675", "level": "WARN", "threadid": ".NET TP Worker", "message": "ApiVersion is null for api/askme/{pathVars}", "logger": "TeamSystem.AlyCE" }
{ "time": "2026-07-08 12:32:04.6675", "level": "WARN", "threadid": ".NET TP Worker", "message": "ApiVersion is null for reports/visualizepdf", "logger": "TeamSystem.AlyCE" }
{ "time": "2026-07-08 12:32:05.2741", "level": "INFO", "threadid": ".NET TP Worker", "message": "traceId=0HNMSRGJTBLSS:00000001 http_request GET /swagger/v1_Infrastructure/swagger.json", "logger": "TeamSystem.AlyCE.Services.Requests" }
{ "time": "2026-07-08 12:32:05.5394", "level": "INFO", "threadid": ".NET TP Worker", "message": "traceId=0HNMSRGJTBLST:00000001 http_request GET /api/auth/environments?p=True", "logger": "TeamSystem.AlyCE.Services.Requests" }
{ "time": "2026-07-08 12:32:05.6764", "level": "ERROR", "threadid": ".NET TP Worker", "message": "GetSchemesForRequest - Failed to ReadToken - System.ArgumentNullException: IDX10000: The parameter 'token' cannot be a 'null' or an empty object.  (Parameter 'token')\\CRLF   at System.IdentityModel.Tokens.Jwt.JwtSecurityTokenHandler.ReadJwtToken(String token)\\CRLF   at System.IdentityModel.Tokens.Jwt.JwtSecurityTokenHandler.ReadToken(String token)\\CRLF   at AlyanteWebApi.Core.Security.XSSProtectionMiddleware.GetSchemesForRequest(HttpContext context)+MoveNext()", "logger": "TeamSystem.AlyCE" }
{ "time": "2026-07-08 12:32:05.7256", "level": "INFO", "threadid": ".NET TP Worker", "message": "'AppSetting'.'Alyante_TransactionTimeoutSeconds' FOUND: explicit value '600' used", "logger": "TeamSystem.AlyCE" }
{ "time": "2026-07-08 12:32:05.7256", "level": "INFO", "threadid": ".NET TP Worker", "message": "ConnectionString.ApplicationName NULL: applied default value 'StartupWEBAPI_admin'", "logger": "TeamSystem.AlyCE" }
{ "time": "2026-07-08 12:32:05.9408", "level": "INFO", "threadid": ".NET TP Worker", "message": "Culture explicitely set as 'AlyCEUICulture: it-IT - AlyCECulture: it-IT'; user configurations ignored", "logger": "TeamSystem.AlyCE" }
{ "time": "2026-07-08 12:32:06.3083", "level": "INFO", "threadid": ".NET TP Worker", "message": "RegisterAppConfigInfos END: 00:00:00.3647375", "logger": "TeamSystem.AlyCE" }
{ "time": "2026-07-08 12:32:06.3083", "level": "INFO", "threadid": ".NET TP Worker", "message": "'AppSetting'.'Alyante_DisablePlugins' FOUND: explicit value 'False' used", "logger": "TeamSystem.AlyCE" }
{ "time": "2026-07-08 12:32:06.4346", "level": "WARN", "threadid": ".NET TP Worker", "environment": "GDB_TSE10_2189", "username": "admin", "company": "0", "message": "MakeSubscriptionOptions - A FW Job has been invoked but it would be good to specify the destination input module!", "logger": "TeamSystem.AlyCE" }
{ "time": "2026-07-08 12:32:07.2088", "level": "INFO", "threadid": ".NET Long Running Task", "message": "ConnectionString.ApplicationName NULL: applied default value 'StartupWEBAPI_admin'", "logger": "TeamSystem.AlyCE" }
{ "time": "2026-07-08 12:32:07.2088", "level": "INFO", "threadid": ".NET Long Running Task", "message": "Culture explicitely set as 'AlyCEUICulture: it-IT - AlyCECulture: it-IT'; user configurations ignored", "logger": "TeamSystem.AlyCE" }
{ "time": "2026-07-08 12:32:07.2872", "level": "WARN", "threadid": ".NET Long Running Task", "environment": "GDB_TSE10_2189", "username": "admin", "company": "0", "message": "'ICompanyContract' null for 'aziendaCorrente'='0'", "logger": "TeamSystem.AlyCE" }
{ "time": "2026-07-08 12:32:07.4539", "level": "INFO", "threadid": ".NET Long Running Task", "environment": "GDB_TSE10_2189", "username": "admin", "company": "0", "message": "ExecuteInternal of CleanProcessingJob started with payload {}", "logger": "TeamSystem.AlyCE" }
{ "time": "2026-07-08 12:32:07.5274", "level": "INFO", "threadid": ".NET Long Running Task", "environment": "GDB_TSE10_2189", "username": "admin", "company": "0", "message": "Job executed CLEAN_PROCESSING_DETAILS id: 127672 in 00:00:00.0844409", "logger": "TeamSystem.AlyCE.Services.Requests" }
{ "time": "2026-07-08 12:32:15.9346", "level": "INFO", "threadid": ".NET TP Worker", "message": "RequiresSecurityClaims GET  /api/auth/environments => code='401'", "logger": "TeamSystem.AlyCE" }
{ "time": "2026-07-08 12:32:15.9392", "level": "INFO", "threadid": ".NET TP Worker", "message": "traceId=0HNMSRGJTBLST:00000001 http_response 401 in 00:00:10.3984058", "logger": "TeamSystem.AlyCE.Services.Requests" }
{ "time": "2026-07-08 12:32:16.1567", "level": "INFO", "threadid": ".NET TP Worker", "message": "traceId=0HNMSRGJTBLSS:00000001 http_response 200 in 00:00:10.8773245", "logger": "TeamSystem.AlyCE.Services.Requests" }
{ "time": "2026-07-08 12:32:20.9762", "level": "INFO", "threadid": ".NET TP Worker", "message": "traceId=0HNMSRGJTBLST:00000002 http_request POST /auth/token", "logger": "TeamSystem.AlyCE.Services.Requests" }
{ "time": "2026-07-08 12:32:21.0184", "level": "ERROR", "threadid": ".NET TP Worker", "message": "No TSIDv3 token provided for TSE10 (is NULL or None), for login User: webapiadmin Scope: webapi_admin", "logger": "TeamSystem.AlyCE" }
{ "time": "2026-07-08 12:32:21.0411", "level": "WARN", "threadid": ".NET TP Worker", "message": "GenerateJSONWebToken: Unable to add TSIDv3:Subject to Alyce JWT token for user webapiadmin scope webapi_admin, TSIDv3Subject is null", "logger": "TeamSystem.AlyCE" }
{ "time": "2026-07-08 12:32:21.0913", "level": "WARN", "threadid": ".NET TP Worker", "message": "No TSIDV3 token provided to store for TSE10, for login User: webapiadmin", "logger": "TeamSystem.AlyCE" }
{ "time": "2026-07-08 12:32:21.1031", "level": "INFO", "threadid": ".NET TP Worker", "message": "traceId=0HNMSRGJTBLST:00000002 http_response 200 in 00:00:00.1266779", "logger": "TeamSystem.AlyCE.Services.Requests" }
{ "time": "2026-07-08 12:32:21.1356", "level": "INFO", "threadid": ".NET TP Worker", "message": "traceId=0HNMSRGJTBLST:00000003 http_request GET /api/auth/environments?p=True", "logger": "TeamSystem.AlyCE.Services.Requests" }
{ "time": "2026-07-08 12:32:21.1835", "level": "WARN", "threadid": ".NET TP Worker", "message": "Claim TSIDv3:Subject not found in token", "logger": "TeamSystem.AlyCE" }
{ "time": "2026-07-08 12:32:21.1835", "level": "INFO", "threadid": ".NET TP Worker", "message": "EnvironmentsController.GET all Enviroments with param: ", "logger": "TeamSystem.AlyCE" }
{ "time": "2026-07-08 12:32:21.1965", "level": "INFO", "threadid": ".NET TP Worker", "message": "EnvironmentsController.GET => code='OK'", "logger": "TeamSystem.AlyCE" }
{ "time": "2026-07-08 12:32:21.1965", "level": "INFO", "threadid": ".NET TP Worker", "message": "traceId=0HNMSRGJTBLST:00000003 http_response 200 in 00:00:00.0662841", "logger": "TeamSystem.AlyCE.Services.Requests" }
{ "time": "2026-07-08 12:32:21.2131", "level": "INFO", "threadid": ".NET TP Worker", "message": "traceId=0HNMSRGJTBLST:00000004 http_request GET /api/auth/environments?p=True", "logger": "TeamSystem.AlyCE.Services.Requests" }
{ "time": "2026-07-08 12:32:21.2131", "level": "WARN", "threadid": ".NET TP Worker", "message": "Claim TSIDv3:Subject not found in token", "logger": "TeamSystem.AlyCE" }
{ "time": "2026-07-08 12:32:21.2131", "level": "INFO", "threadid": ".NET TP Worker", "message": "EnvironmentsController.GET all Enviroments with param: ", "logger": "TeamSystem.AlyCE" }
{ "time": "2026-07-08 12:32:21.2131", "level": "INFO", "threadid": ".NET TP Worker", "message": "EnvironmentsController.GET => code='OK'", "logger": "TeamSystem.AlyCE" }
{ "time": "2026-07-08 12:32:21.2131", "level": "INFO", "threadid": ".NET TP Worker", "message": "traceId=0HNMSRGJTBLST:00000004 http_response 200 in 00:00:00.0077729", "logger": "TeamSystem.AlyCE.Services.Requests" }
{ "time": "2026-07-08 12:32:21.2904", "level": "INFO", "threadid": ".NET TP Worker", "message": "traceId=0HNMSRGJTBLST:00000005 http_request POST /auth/token", "logger": "TeamSystem.AlyCE.Services.Requests" }
{ "time": "2026-07-08 12:32:21.2904", "level": "ERROR", "threadid": ".NET TP Worker", "message": "No TSIDv3 token provided for TSE10 (is NULL or None), for login User: webapiadmin Scope: GDB_TSE10_2189", "logger": "TeamSystem.AlyCE" }
{ "time": "2026-07-08 12:32:21.2904", "level": "WARN", "threadid": ".NET TP Worker", "message": "GenerateJSONWebToken: Unable to add TSIDv3:Subject to Alyce JWT token for user webapiadmin scope GDB_TSE10_2189, TSIDv3Subject is null", "logger": "TeamSystem.AlyCE" }
{ "time": "2026-07-08 12:32:21.3047", "level": "WARN", "threadid": ".NET TP Worker", "message": "No TSIDV3 token provided to store for TSE10, for login User: webapiadmin", "logger": "TeamSystem.AlyCE" }
{ "time": "2026-07-08 12:32:21.3047", "level": "INFO", "threadid": ".NET TP Worker", "message": "traceId=0HNMSRGJTBLST:00000005 http_response 200 in 00:00:00.0145260", "logger": "TeamSystem.AlyCE.Services.Requests" }
{ "time": "2026-07-08 12:32:21.3047", "level": "INFO", "threadid": ".NET TP Worker", "message": "traceId=0HNMSRGJTBLST:00000006 http_request POST /api/v1/GDB_TSE10_2189/fw/polyedroservice?_op=get_base_configuration", "logger": "TeamSystem.AlyCE.Services.Requests" }
{ "time": "2026-07-08 12:32:21.3047", "level": "WARN", "threadid": ".NET TP Worker", "message": "Claim TSIDv3:Subject not found in token", "logger": "TeamSystem.AlyCE" }
{ "time": "2026-07-08 12:32:21.3219", "level": "INFO", "threadid": ".NET TP Worker", "message": "check value user from polyedro: '', loginUserId: ''", "logger": "TeamSystem.AlyCE" }
{ "time": "2026-07-08 12:32:21.3219", "level": "INFO", "threadid": ".NET TP Worker", "message": "Incomplete SessionData: param 'company' not found: using '0' as default value", "logger": "TeamSystem.AlyCE" }
{ "time": "2026-07-08 12:32:21.3219", "level": "INFO", "threadid": ".NET TP Worker", "message": "Incomplete SessionData: param 'clientId' not found: using 'TsEnterprise' as default value", "logger": "TeamSystem.AlyCE" }
{ "time": "2026-07-08 12:32:21.3219", "level": "INFO", "threadid": ".NET TP Worker", "message": "Environment: UserName='admin', CompanyCode='0', Server='ST-VM-02189', Database='GDB_TSE10_2189'", "logger": "TeamSystem.AlyCE" }
{ "time": "2026-07-08 12:32:21.3219", "level": "WARN", "threadid": ".NET TP Worker", "message": "Claim 'TSIDv3:Subject' is 'NULL' for principal 'System.Security.Claims.ClaimsPrincipal'", "logger": "TeamSystem.AlyCE" }
{ "time": "2026-07-08 12:32:21.3219", "level": "INFO", "threadid": ".NET TP Worker", "message": "ConnectionString.ApplicationName NULL: applied default value 'StartupWEBAPI_admin'", "logger": "TeamSystem.AlyCE" }
{ "time": "2026-07-08 12:32:21.3219", "level": "INFO", "threadid": ".NET TP Worker", "message": "Culture explicitely set as 'AlyCEUICulture: it-IT - AlyCECulture: it-IT'; user configurations ignored", "logger": "TeamSystem.AlyCE" }
{ "time": "2026-07-08 12:32:21.3930", "level": "INFO", "threadid": ".NET TP Worker", "environment": "GDB_TSE10_2189", "username": "admin", "company": "0", "message": "check value user from polyedro: '', loginUserId: ''", "logger": "TeamSystem.AlyCE" }
{ "time": "2026-07-08 12:32:21.4013", "level": "INFO", "threadid": ".NET TP Worker", "environment": "GDB_TSE10_2189", "username": "admin", "company": "0", "message": "get_base_configuration called", "logger": "TeamSystem.AlyCE.Services.Controllers" }
{ "time": "2026-07-08 12:32:21.4278", "level": "WARN", "threadid": ".NET TP Worker", "environment": "GDB_TSE10_2189", "username": "admin", "company": "0", "message": "'ICompanyContract' null for 'aziendaCorrente'='0'", "logger": "TeamSystem.AlyCE" }
{ "time": "2026-07-08 12:32:21.4641", "level": "INFO", "threadid": ".NET TP Worker", "message": "traceId=0HNMSRGJTBLST:00000006 http_response 200 in 00:00:00.1579252", "logger": "TeamSystem.AlyCE.Services.Requests" }
{ "time": "2026-07-08 12:32:37.9190", "level": "INFO", "threadid": ".NET TP Worker", "message": "traceId=0HNMSRGJTBLSU:00000001 http_request GET /api/auth/environments?p=True", "logger": "TeamSystem.AlyCE.Services.Requests" }
{ "time": "2026-07-08 12:32:37.9223", "level": "WARN", "threadid": ".NET TP Worker", "message": "Claim TSIDv3:Subject not found in token", "logger": "TeamSystem.AlyCE" }
{ "time": "2026-07-08 12:32:37.9223", "level": "INFO", "threadid": ".NET TP Worker", "message": "EnvironmentsController.GET all Enviroments with param: ", "logger": "TeamSystem.AlyCE" }
{ "time": "2026-07-08 12:32:37.9223", "level": "INFO", "threadid": ".NET TP Worker", "message": "EnvironmentsController.GET => code='OK'", "logger": "TeamSystem.AlyCE" }
{ "time": "2026-07-08 12:32:37.9223", "level": "INFO", "threadid": ".NET TP Worker", "message": "traceId=0HNMSRGJTBLSU:00000001 http_response 200 in 00:00:00.0048334", "logger": "TeamSystem.AlyCE.Services.Requests" }
{ "time": "2026-07-08 12:32:37.9223", "level": "INFO", "threadid": ".NET TP Worker", "message": "traceId=0HNMSRGJTBLSU:00000002 http_request POST /api/v1/GDB_TSE10_2189/fw/polyedroservice?_op=get_base_configuration", "logger": "TeamSystem.AlyCE.Services.Requests" }
{ "time": "2026-07-08 12:32:37.9223", "level": "WARN", "threadid": ".NET TP Worker", "message": "Claim TSIDv3:Subject not found in token", "logger": "TeamSystem.AlyCE" }
{ "time": "2026-07-08 12:32:37.9484", "level": "INFO", "threadid": ".NET TP Worker", "message": "check value user from polyedro: '', loginUserId: ''", "logger": "TeamSystem.AlyCE" }
{ "time": "2026-07-08 12:32:37.9484", "level": "INFO", "threadid": ".NET TP Worker", "message": "Incomplete SessionData: param 'company' not found: using '0' as default value", "logger": "TeamSystem.AlyCE" }
{ "time": "2026-07-08 12:32:37.9484", "level": "INFO", "threadid": ".NET TP Worker", "message": "Incomplete SessionData: param 'clientId' not found: using 'TsEnterprise' as default value", "logger": "TeamSystem.AlyCE" }
{ "time": "2026-07-08 12:32:37.9484", "level": "INFO", "threadid": ".NET TP Worker", "message": "Environment: UserName='admin', CompanyCode='0', Server='ST-VM-02189', Database='GDB_TSE10_2189'", "logger": "TeamSystem.AlyCE" }
{ "time": "2026-07-08 12:32:37.9484", "level": "WARN", "threadid": ".NET TP Worker", "message": "Claim 'TSIDv3:Subject' is 'NULL' for principal 'System.Security.Claims.ClaimsPrincipal'", "logger": "TeamSystem.AlyCE" }
{ "time": "2026-07-08 12:32:37.9484", "level": "INFO", "threadid": ".NET TP Worker", "message": "ConnectionString.ApplicationName NULL: applied default value 'StartupWEBAPI_admin'", "logger": "TeamSystem.AlyCE" }
{ "time": "2026-07-08 12:32:37.9484", "level": "INFO", "threadid": ".NET TP Worker", "message": "Culture explicitely set as 'AlyCEUICulture: it-IT - AlyCECulture: it-IT'; user configurations ignored", "logger": "TeamSystem.AlyCE" }
{ "time": "2026-07-08 12:32:37.9624", "level": "INFO", "threadid": ".NET TP Worker", "environment": "GDB_TSE10_2189", "username": "admin", "company": "0", "message": "check value user from polyedro: '', loginUserId: ''", "logger": "TeamSystem.AlyCE" }
{ "time": "2026-07-08 12:32:37.9624", "level": "INFO", "threadid": ".NET TP Worker", "environment": "GDB_TSE10_2189", "username": "admin", "company": "0", "message": "get_base_configuration called", "logger": "TeamSystem.AlyCE.Services.Controllers" }
{ "time": "2026-07-08 12:32:37.9624", "level": "WARN", "threadid": ".NET TP Worker", "environment": "GDB_TSE10_2189", "username": "admin", "company": "0", "message": "'ICompanyContract' null for 'aziendaCorrente'='0'", "logger": "TeamSystem.AlyCE" }
{ "time": "2026-07-08 12:32:37.9729", "level": "INFO", "threadid": ".NET TP Worker", "message": "traceId=0HNMSRGJTBLSU:00000002 http_response 200 in 00:00:00.0408789", "logger": "TeamSystem.AlyCE.Services.Requests" }
{ "time": "2026-07-08 12:32:44.6363", "level": "INFO", "threadid": ".NET TP Worker", "message": "traceId=0HNMSRGJTBLSU:00000003 http_request GET /api/auth/environments?p=True", "logger": "TeamSystem.AlyCE.Services.Requests" }
{ "time": "2026-07-08 12:32:44.6363", "level": "WARN", "threadid": ".NET TP Worker", "message": "Claim TSIDv3:Subject not found in token", "logger": "TeamSystem.AlyCE" }
{ "time": "2026-07-08 12:32:44.6363", "level": "INFO", "threadid": ".NET TP Worker", "message": "EnvironmentsController.GET all Enviroments with param: ", "logger": "TeamSystem.AlyCE" }
{ "time": "2026-07-08 12:32:44.6363", "level": "INFO", "threadid": ".NET TP Worker", "message": "EnvironmentsController.GET => code='OK'", "logger": "TeamSystem.AlyCE" }
{ "time": "2026-07-08 12:32:44.6363", "level": "INFO", "threadid": ".NET TP Worker", "message": "traceId=0HNMSRGJTBLSU:00000003 http_response 200 in 00:00:00.0049461", "logger": "TeamSystem.AlyCE.Services.Requests" }
{ "time": "2026-07-08 12:32:44.6363", "level": "INFO", "threadid": ".NET TP Worker", "message": "traceId=0HNMSRGJTBLSU:00000004 http_request POST /api/v1/GDB_TSE10_2189/fw/polyedroservice?_op=get_base_configuration", "logger": "TeamSystem.AlyCE.Services.Requests" }
{ "time": "2026-07-08 12:32:44.6479", "level": "WARN", "threadid": ".NET TP Worker", "message": "Claim TSIDv3:Subject not found in token", "logger": "TeamSystem.AlyCE" }
{ "time": "2026-07-08 12:32:44.6479", "level": "INFO", "threadid": ".NET TP Worker", "message": "check value user from polyedro: '', loginUserId: ''", "logger": "TeamSystem.AlyCE" }
{ "time": "2026-07-08 12:32:44.6479", "level": "INFO", "threadid": ".NET TP Worker", "message": "Incomplete SessionData: param 'company' not found: using '0' as default value", "logger": "TeamSystem.AlyCE" }
{ "time": "2026-07-08 12:32:44.6479", "level": "INFO", "threadid": ".NET TP Worker", "message": "Incomplete SessionData: param 'clientId' not found: using 'TsEnterprise' as default value", "logger": "TeamSystem.AlyCE" }
{ "time": "2026-07-08 12:32:44.6479", "level": "INFO", "threadid": ".NET TP Worker", "message": "Environment: UserName='admin', CompanyCode='0', Server='ST-VM-02189', Database='GDB_TSE10_2189'", "logger": "TeamSystem.AlyCE" }
{ "time": "2026-07-08 12:32:44.6479", "level": "WARN", "threadid": ".NET TP Worker", "message": "Claim 'TSIDv3:Subject' is 'NULL' for principal 'System.Security.Claims.ClaimsPrincipal'", "logger": "TeamSystem.AlyCE" }
{ "time": "2026-07-08 12:32:44.6479", "level": "INFO", "threadid": ".NET TP Worker", "message": "ConnectionString.ApplicationName NULL: applied default value 'StartupWEBAPI_admin'", "logger": "TeamSystem.AlyCE" }
{ "time": "2026-07-08 12:32:44.6479", "level": "INFO", "threadid": ".NET TP Worker", "message": "Culture explicitely set as 'AlyCEUICulture: it-IT - AlyCECulture: it-IT'; user configurations ignored", "logger": "TeamSystem.AlyCE" }
{ "time": "2026-07-08 12:32:44.6479", "level": "INFO", "threadid": ".NET TP Worker", "environment": "GDB_TSE10_2189", "username": "admin", "company": "0", "message": "check value user from polyedro: '', loginUserId: ''", "logger": "TeamSystem.AlyCE" }
{ "time": "2026-07-08 12:32:44.6479", "level": "INFO", "threadid": ".NET TP Worker", "environment": "GDB_TSE10_2189", "username": "admin", "company": "0", "message": "get_base_configuration called", "logger": "TeamSystem.AlyCE.Services.Controllers" }
{ "time": "2026-07-08 12:32:44.6479", "level": "WARN", "threadid": ".NET TP Worker", "environment": "GDB_TSE10_2189", "username": "admin", "company": "0", "message": "'ICompanyContract' null for 'aziendaCorrente'='0'", "logger": "TeamSystem.AlyCE" }
{ "time": "2026-07-08 12:32:44.6479", "level": "INFO", "threadid": ".NET TP Worker", "message": "traceId=0HNMSRGJTBLSU:00000004 http_response 200 in 00:00:00.0136619", "logger": "TeamSystem.AlyCE.Services.Requests" }
{ "time": "2026-07-08 12:32:44.6635", "level": "INFO", "threadid": ".NET TP Worker", "message": "traceId=0HNMSRGJTBLSU:00000005 http_request POST /api/v1/GDB_TSE10_2189/fw/polyedroservice?_op=publish_procedure", "logger": "TeamSystem.AlyCE.Services.Requests" }
{ "time": "2026-07-08 12:32:44.6635", "level": "WARN", "threadid": ".NET TP Worker", "message": "Claim TSIDv3:Subject not found in token", "logger": "TeamSystem.AlyCE" }
{ "time": "2026-07-08 12:32:44.6635", "level": "INFO", "threadid": ".NET TP Worker", "message": "check value user from polyedro: '', loginUserId: ''", "logger": "TeamSystem.AlyCE" }
{ "time": "2026-07-08 12:32:44.6635", "level": "INFO", "threadid": ".NET TP Worker", "message": "Incomplete SessionData: param 'company' not found: using '0' as default value", "logger": "TeamSystem.AlyCE" }
{ "time": "2026-07-08 12:32:44.6635", "level": "INFO", "threadid": ".NET TP Worker", "message": "Incomplete SessionData: param 'clientId' not found: using 'TsEnterprise' as default value", "logger": "TeamSystem.AlyCE" }
{ "time": "2026-07-08 12:32:44.6635", "level": "INFO", "threadid": ".NET TP Worker", "message": "Environment: UserName='admin', CompanyCode='0', Server='ST-VM-02189', Database='GDB_TSE10_2189'", "logger": "TeamSystem.AlyCE" }
{ "time": "2026-07-08 12:32:44.6635", "level": "WARN", "threadid": ".NET TP Worker", "message": "Claim 'TSIDv3:Subject' is 'NULL' for principal 'System.Security.Claims.ClaimsPrincipal'", "logger": "TeamSystem.AlyCE" }
{ "time": "2026-07-08 12:32:44.6635", "level": "INFO", "threadid": ".NET TP Worker", "message": "ConnectionString.ApplicationName NULL: applied default value 'StartupWEBAPI_admin'", "logger": "TeamSystem.AlyCE" }
{ "time": "2026-07-08 12:32:44.6635", "level": "INFO", "threadid": ".NET TP Worker", "message": "Culture explicitely set as 'AlyCEUICulture: it-IT - AlyCECulture: it-IT'; user configurations ignored", "logger": "TeamSystem.AlyCE" }
{ "time": "2026-07-08 12:32:44.6635", "level": "INFO", "threadid": ".NET TP Worker", "environment": "GDB_TSE10_2189", "username": "admin", "company": "0", "message": "check value user from polyedro: '', loginUserId: ''", "logger": "TeamSystem.AlyCE" }
{ "time": "2026-07-08 12:32:44.6635", "level": "INFO", "threadid": ".NET TP Worker", "environment": "GDB_TSE10_2189", "username": "admin", "company": "0", "message": "publish_procedure called", "logger": "TeamSystem.AlyCE.Services.Controllers" }
{ "time": "2026-07-08 12:32:44.6885", "level": "WARN", "threadid": ".NET TP Worker", "environment": "GDB_TSE10_2189", "username": "admin", "company": "0", "message": "'ICompanyContract' null for 'aziendaCorrente'='0'", "logger": "TeamSystem.AlyCE" }
{ "time": "2026-07-08 12:32:44.6942", "level": "INFO", "threadid": ".NET TP Worker", "environment": "GDB_TSE10_2189", "username": "admin", "company": "0", "message": "EnvironmentVariable 'WEBAPI_GE_STARTUP_PATH' NOT FOUND: using value 'E:\\Program Files (x86)\\TeamSystem Software\\Enterprise\\FRAMEWORK\\bin\\..\\EXE\\'", "logger": "TeamSystem.AlyCE" }
{ "time": "2026-07-08 12:32:49.6405", "level": "INFO", "threadid": ".NET TP Worker", "environment": "GDB_TSE10_2189", "username": "admin", "company": "0", "message": "EnvironmentVariable 'WEBAPI_GE_STARTUP_PATH' NOT FOUND: using value 'E:\\Program Files (x86)\\TeamSystem Software\\Enterprise\\FRAMEWORK\\bin\\..\\EXE\\'", "logger": "TeamSystem.AlyCE" }
{ "time": "2026-07-08 12:32:55.5384", "level": "INFO", "threadid": ".NET TP Worker", "environment": "GDB_TSE10_2189", "username": "admin", "company": "0", "message": "EnvironmentVariable 'WEBAPI_GE_STARTUP_PATH' NOT FOUND: using value 'E:\\Program Files (x86)\\TeamSystem Software\\Enterprise\\FRAMEWORK\\bin\\..\\EXE\\'", "logger": "TeamSystem.AlyCE" }
{ "time": "2026-07-08 12:32:55.9005", "level": "INFO", "threadid": ".NET TP Worker", "environment": "GDB_TSE10_2189", "username": "admin", "company": "0", "message": "CanEnableChatBot - true", "logger": "TeamSystem.AlyCE.Biz.FW_FrameworkData" }
{ "time": "2026-07-08 12:32:55.9005", "level": "WARN", "threadid": ".NET TP Worker", "environment": "GDB_TSE10_2189", "username": "admin", "company": "0", "message": "Cannot build chatbot url because url in app.json.config is null", "logger": "TeamSystem.AlyCE.Biz.FW_FrameworkData" }
{ "time": "2026-07-08 12:32:55.9005", "level": "WARN", "threadid": ".NET TP Worker", "environment": "GDB_TSE10_2189", "username": "admin", "company": "0", "message": "Parameter 'enableChatbot' is TRUE but chatbotUrl is EMPTY!", "logger": "TeamSystem.AlyCE.Biz.FW_FrameworkData" }
{ "time": "2026-07-08 12:32:55.9005", "level": "INFO", "threadid": ".NET TP Worker", "environment": "GDB_TSE10_2189", "username": "admin", "company": "0", "message": "EnvironmentVariable 'WEBAPI_GE_STARTUP_PATH' NOT FOUND: using value 'E:\\Program Files (x86)\\TeamSystem Software\\Enterprise\\FRAMEWORK\\bin\\..\\EXE\\'", "logger": "TeamSystem.AlyCE" }
{ "time": "2026-07-08 12:32:56.4785", "level": "INFO", "threadid": ".NET TP Worker", "environment": "GDB_TSE10_2189", "username": "admin", "company": "0", "message": "CanEnableAIAgent - All required applications found with correct versions", "logger": "TeamSystem.AlyCE.Biz.FW_FrameworkData" }
{ "time": "2026-07-08 12:32:57.6547", "level": "INFO", "threadid": ".NET TP Worker", "environment": "GDB_TSE10_2189", "username": "admin", "company": "0", "message": "EnvironmentVariable 'WEBAPI_GE_STARTUP_PATH' NOT FOUND: using value 'E:\\Program Files (x86)\\TeamSystem Software\\Enterprise\\FRAMEWORK\\bin\\..\\EXE\\'", "logger": "TeamSystem.AlyCE" }
{ "time": "2026-07-08 12:32:58.8203", "level": "INFO", "threadid": ".NET TP Worker", "environment": "GDB_TSE10_2189", "username": "admin", "company": "0", "message": "EnvironmentVariable 'WEBAPI_GE_STARTUP_PATH' NOT FOUND: using value 'E:\\Program Files (x86)\\TeamSystem Software\\Enterprise\\FRAMEWORK\\bin\\..\\EXE\\'", "logger": "TeamSystem.AlyCE" }
{ "time": "2026-07-08 12:32:59.1885", "level": "INFO", "threadid": ".NET TP Worker", "environment": "GDB_TSE10_2189", "username": "admin", "company": "0", "message": "EnvironmentVariable 'WEBAPI_GE_STARTUP_PATH' NOT FOUND: using value 'E:\\Program Files (x86)\\TeamSystem Software\\Enterprise\\FRAMEWORK\\bin\\..\\EXE\\'", "logger": "TeamSystem.AlyCE" }
{ "time": "2026-07-08 12:32:59.5754", "level": "INFO", "threadid": ".NET TP Worker", "message": "traceId=0HNMSRGJTBLSU:00000005 http_response 200 in 00:00:14.9104332", "logger": "TeamSystem.AlyCE.Services.Requests" }
{ "time": "2026-07-08 12:32:59.5754", "level": "INFO", "threadid": ".NET TP Worker", "message": "traceId=0HNMSRGJTBLSU:00000006 http_request GET /api/v1/GDB_TSE10_2189/fw/connectsyncstepstatus/1?company=0", "logger": "TeamSystem.AlyCE.Services.Requests" }
{ "time": "2026-07-08 12:32:59.5754", "level": "WARN", "threadid": ".NET TP Worker", "message": "Claim TSIDv3:Subject not found in token", "logger": "TeamSystem.AlyCE" }
{ "time": "2026-07-08 12:32:59.5754", "level": "INFO", "threadid": ".NET TP Worker", "message": "check value user from polyedro: '', loginUserId: ''", "logger": "TeamSystem.AlyCE" }
{ "time": "2026-07-08 12:32:59.5754", "level": "INFO", "threadid": ".NET TP Worker", "message": "Overridden param 'company' found in 'Request.Query' with value '0", "logger": "TeamSystem.AlyCE" }
{ "time": "2026-07-08 12:32:59.5754", "level": "INFO", "threadid": ".NET TP Worker", "message": "Incomplete SessionData: param 'clientId' not found: using 'TsEnterprise' as default value", "logger": "TeamSystem.AlyCE" }
{ "time": "2026-07-08 12:32:59.5754", "level": "INFO", "threadid": ".NET TP Worker", "message": "Environment: UserName='admin', CompanyCode='0', Server='ST-VM-02189', Database='GDB_TSE10_2189'", "logger": "TeamSystem.AlyCE" }
{ "time": "2026-07-08 12:32:59.5754", "level": "WARN", "threadid": ".NET TP Worker", "message": "Claim 'TSIDv3:Subject' is 'NULL' for principal 'System.Security.Claims.ClaimsPrincipal'", "logger": "TeamSystem.AlyCE" }
{ "time": "2026-07-08 12:32:59.5754", "level": "INFO", "threadid": ".NET TP Worker", "message": "ConnectionString.ApplicationName NULL: applied default value 'StartupWEBAPI_admin'", "logger": "TeamSystem.AlyCE" }
{ "time": "2026-07-08 12:32:59.5862", "level": "INFO", "threadid": ".NET TP Worker", "message": "Culture explicitely set as 'AlyCEUICulture: it-IT - AlyCECulture: it-IT'; user configurations ignored", "logger": "TeamSystem.AlyCE" }
{ "time": "2026-07-08 12:32:59.5862", "level": "INFO", "threadid": ".NET TP Worker", "environment": "GDB_TSE10_2189", "username": "admin", "company": "0", "message": "check value user from polyedro: '', loginUserId: ''", "logger": "TeamSystem.AlyCE" }
{ "time": "2026-07-08 12:32:59.5862", "level": "WARN", "threadid": ".NET TP Worker", "environment": "GDB_TSE10_2189", "username": "admin", "company": "0", "message": "'ICompanyContract' null for 'aziendaCorrente'='0'", "logger": "TeamSystem.AlyCE" }
{ "time": "2026-07-08 12:32:59.6345", "level": "INFO", "threadid": ".NET TP Worker", "message": "traceId=0HNMSRGJTBLSU:00000006 http_response 200 in 00:00:00.0568261", "logger": "TeamSystem.AlyCE.Services.Requests" }
{ "time": "2026-07-08 12:32:59.6345", "level": "INFO", "threadid": ".NET TP Worker", "message": "traceId=0HNMSRGJTBLSU:00000007 http_request POST /api/v1/GDB_TSE10_2189/fw/polyedroservice?_op=get_portal_companies&includeDisabled=true&company=0", "logger": "TeamSystem.AlyCE.Services.Requests" }
{ "time": "2026-07-08 12:32:59.6345", "level": "WARN", "threadid": ".NET TP Worker", "message": "Claim TSIDv3:Subject not found in token", "logger": "TeamSystem.AlyCE" }
{ "time": "2026-07-08 12:32:59.6345", "level": "INFO", "threadid": ".NET TP Worker", "message": "check value user from polyedro: '', loginUserId: ''", "logger": "TeamSystem.AlyCE" }
{ "time": "2026-07-08 12:32:59.6345", "level": "INFO", "threadid": ".NET TP Worker", "message": "Overridden param 'company' found in 'Request.Query' with value '0", "logger": "TeamSystem.AlyCE" }
{ "time": "2026-07-08 12:32:59.6345", "level": "INFO", "threadid": ".NET TP Worker", "message": "Incomplete SessionData: param 'clientId' not found: using 'TsEnterprise' as default value", "logger": "TeamSystem.AlyCE" }
{ "time": "2026-07-08 12:32:59.6345", "level": "INFO", "threadid": ".NET TP Worker", "message": "Environment: UserName='admin', CompanyCode='0', Server='ST-VM-02189', Database='GDB_TSE10_2189'", "logger": "TeamSystem.AlyCE" }
{ "time": "2026-07-08 12:32:59.6345", "level": "WARN", "threadid": ".NET TP Worker", "message": "Claim 'TSIDv3:Subject' is 'NULL' for principal 'System.Security.Claims.ClaimsPrincipal'", "logger": "TeamSystem.AlyCE" }
{ "time": "2026-07-08 12:32:59.6345", "level": "INFO", "threadid": ".NET TP Worker", "message": "ConnectionString.ApplicationName NULL: applied default value 'StartupWEBAPI_admin'", "logger": "TeamSystem.AlyCE" }
{ "time": "2026-07-08 12:32:59.6345", "level": "INFO", "threadid": ".NET TP Worker", "message": "Culture explicitely set as 'AlyCEUICulture: it-IT - AlyCECulture: it-IT'; user configurations ignored", "logger": "TeamSystem.AlyCE" }
{ "time": "2026-07-08 12:32:59.6345", "level": "INFO", "threadid": ".NET TP Worker", "environment": "GDB_TSE10_2189", "username": "admin", "company": "0", "message": "check value user from polyedro: '', loginUserId: ''", "logger": "TeamSystem.AlyCE" }
{ "time": "2026-07-08 12:32:59.6345", "level": "INFO", "threadid": ".NET TP Worker", "environment": "GDB_TSE10_2189", "username": "admin", "company": "0", "message": "get_portal_companies called with includedDisabled '0', pageSize '1', pageNumber '2'", "logger": "TeamSystem.AlyCE.Services.Controllers" }
{ "time": "2026-07-08 12:32:59.6510", "level": "WARN", "threadid": ".NET TP Worker", "environment": "GDB_TSE10_2189", "username": "admin", "company": "0", "message": "'ICompanyContract' null for 'aziendaCorrente'='0'", "logger": "TeamSystem.AlyCE" }
{ "time": "2026-07-08 12:33:00.0172", "level": "INFO", "threadid": ".NET TP Worker", "message": "traceId=0HNMSRGJTBLSU:00000007 http_response 200 in 00:00:00.3781989", "logger": "TeamSystem.AlyCE.Services.Requests" }
{ "time": "2026-07-08 12:33:00.0172", "level": "INFO", "threadid": ".NET TP Worker", "message": "traceId=0HNMSRGJTBLSU:00000008 http_request POST /api/v1/GDB_TSE10_2189/fw/polyedroservice?_op=publish_widget_apps", "logger": "TeamSystem.AlyCE.Services.Requests" }
{ "time": "2026-07-08 12:33:00.0262", "level": "WARN", "threadid": ".NET TP Worker", "message": "Claim TSIDv3:Subject not found in token", "logger": "TeamSystem.AlyCE" }
{ "time": "2026-07-08 12:33:00.0262", "level": "INFO", "threadid": ".NET TP Worker", "message": "check value user from polyedro: '', loginUserId: ''", "logger": "TeamSystem.AlyCE" }
{ "time": "2026-07-08 12:33:00.0262", "level": "INFO", "threadid": ".NET TP Worker", "message": "Incomplete SessionData: param 'company' not found: using '0' as default value", "logger": "TeamSystem.AlyCE" }
{ "time": "2026-07-08 12:33:00.0262", "level": "INFO", "threadid": ".NET TP Worker", "message": "Incomplete SessionData: param 'clientId' not found: using 'TsEnterprise' as default value", "logger": "TeamSystem.AlyCE" }
{ "time": "2026-07-08 12:33:00.0262", "level": "INFO", "threadid": ".NET TP Worker", "message": "Environment: UserName='admin', CompanyCode='0', Server='ST-VM-02189', Database='GDB_TSE10_2189'", "logger": "TeamSystem.AlyCE" }
{ "time": "2026-07-08 12:33:00.0262", "level": "WARN", "threadid": ".NET TP Worker", "message": "Claim 'TSIDv3:Subject' is 'NULL' for principal 'System.Security.Claims.ClaimsPrincipal'", "logger": "TeamSystem.AlyCE" }
{ "time": "2026-07-08 12:33:00.0262", "level": "INFO", "threadid": ".NET TP Worker", "message": "ConnectionString.ApplicationName NULL: applied default value 'StartupWEBAPI_admin'", "logger": "TeamSystem.AlyCE" }
{ "time": "2026-07-08 12:33:00.0262", "level": "INFO", "threadid": ".NET TP Worker", "message": "Culture explicitely set as 'AlyCEUICulture: it-IT - AlyCECulture: it-IT'; user configurations ignored", "logger": "TeamSystem.AlyCE" }
{ "time": "2026-07-08 12:33:00.0262", "level": "INFO", "threadid": ".NET TP Worker", "environment": "GDB_TSE10_2189", "username": "admin", "company": "0", "message": "check value user from polyedro: '', loginUserId: ''", "logger": "TeamSystem.AlyCE" }
{ "time": "2026-07-08 12:33:00.0262", "level": "INFO", "threadid": ".NET TP Worker", "environment": "GDB_TSE10_2189", "username": "admin", "company": "0", "message": "publish_widget_apps called with includeJasperWidgets 'True'", "logger": "TeamSystem.AlyCE.Services.Controllers" }
{ "time": "2026-07-08 12:33:00.0396", "level": "WARN", "threadid": ".NET TP Worker", "environment": "GDB_TSE10_2189", "username": "admin", "company": "0", "message": "'ICompanyContract' null for 'aziendaCorrente'='0'", "logger": "TeamSystem.AlyCE" }
{ "time": "2026-07-08 12:33:03.5231", "level": "WARN", "threadid": ".NET TP Worker", "environment": "GDB_TSE10_2189", "username": "admin", "company": "0", "message": "LoadEntityException thrown: externalEntity 'WidgetAnagraficaFW' null for external relation 'WidgetContestoFW' with key: 'Idcontesto:0'", "logger": "TeamSystem.AlyCE" }
{ "time": "2026-07-08 12:33:04.6826", "level": "WARN", "threadid": ".NET TP Worker", "environment": "GDB_TSE10_2189", "username": "admin", "company": "0", "message": "LoadEntityException thrown: externalEntity 'WidgetAnagraficaFW' null for external relation 'WidgetContestoFW' with key: 'Idcontesto:0'", "logger": "TeamSystem.AlyCE" }
{ "time": "2026-07-08 12:33:05.8126", "level": "WARN", "threadid": ".NET TP Worker", "environment": "GDB_TSE10_2189", "username": "admin", "company": "0", "message": "LoadEntityException thrown: externalEntity 'WidgetAnagraficaFW' null for external relation 'WidgetContestoFW' with key: 'Idcontesto:0'", "logger": "TeamSystem.AlyCE" }
{ "time": "2026-07-08 12:33:06.8272", "level": "WARN", "threadid": ".NET TP Worker", "environment": "GDB_TSE10_2189", "username": "admin", "company": "0", "message": "LoadEntityException thrown: externalEntity 'WidgetAnagraficaFW' null for external relation 'WidgetContestoFW' with key: 'Idcontesto:0'", "logger": "TeamSystem.AlyCE" }
{ "time": "2026-07-08 12:33:07.8654", "level": "WARN", "threadid": ".NET TP Worker", "environment": "GDB_TSE10_2189", "username": "admin", "company": "0", "message": "LoadEntityException thrown: externalEntity 'WidgetAnagraficaFW' null for external relation 'WidgetContestoFW' with key: 'Idcontesto:0'", "logger": "TeamSystem.AlyCE" }
{ "time": "2026-07-08 12:33:09.0094", "level": "WARN", "threadid": ".NET TP Worker", "environment": "GDB_TSE10_2189", "username": "admin", "company": "0", "message": "LoadEntityException thrown: externalEntity 'WidgetAnagraficaFW' null for external relation 'WidgetContestoFW' with key: 'Idcontesto:0'", "logger": "TeamSystem.AlyCE" }
{ "time": "2026-07-08 12:33:10.0390", "level": "WARN", "threadid": ".NET TP Worker", "environment": "GDB_TSE10_2189", "username": "admin", "company": "0", "message": "LoadEntityException thrown: externalEntity 'WidgetAnagraficaFW' null for external relation 'WidgetContestoFW' with key: 'Idcontesto:0'", "logger": "TeamSystem.AlyCE" }
{ "time": "2026-07-08 12:33:11.0690", "level": "WARN", "threadid": ".NET TP Worker", "environment": "GDB_TSE10_2189", "username": "admin", "company": "0", "message": "LoadEntityException thrown: externalEntity 'WidgetAnagraficaFW' null for external relation 'WidgetContestoFW' with key: 'Idcontesto:0'", "logger": "TeamSystem.AlyCE" }
{ "time": "2026-07-08 12:33:12.0491", "level": "WARN", "threadid": ".NET TP Worker", "environment": "GDB_TSE10_2189", "username": "admin", "company": "0", "message": "LoadEntityException thrown: externalEntity 'WidgetAnagraficaFW' null for external relation 'WidgetContestoFW' with key: 'Idcontesto:0'", "logger": "TeamSystem.AlyCE" }
{ "time": "2026-07-08 12:33:33.6854", "level": "INFO", "threadid": ".NET TP Worker", "message": "traceId=0HNMSRGJTBLSU:00000008 http_response 200 in 00:00:33.6601123", "logger": "TeamSystem.AlyCE.Services.Requests" }
{ "time": "2026-07-08 12:33:33.6854", "level": "INFO", "threadid": ".NET TP Worker", "message": "traceId=0HNMSRGJTBLSU:00000009 http_request GET /api/v1/GDB_TSE10_2189/fw/connectsyncstepstatus/2?company=0", "logger": "TeamSystem.AlyCE.Services.Requests" }
{ "time": "2026-07-08 12:33:33.6854", "level": "WARN", "threadid": ".NET TP Worker", "message": "Claim TSIDv3:Subject not found in token", "logger": "TeamSystem.AlyCE" }
{ "time": "2026-07-08 12:33:33.6854", "level": "INFO", "threadid": ".NET TP Worker", "message": "check value user from polyedro: '', loginUserId: ''", "logger": "TeamSystem.AlyCE" }
{ "time": "2026-07-08 12:33:33.6854", "level": "INFO", "threadid": ".NET TP Worker", "message": "Overridden param 'company' found in 'Request.Query' with value '0", "logger": "TeamSystem.AlyCE" }
{ "time": "2026-07-08 12:33:33.6854", "level": "INFO", "threadid": ".NET TP Worker", "message": "Incomplete SessionData: param 'clientId' not found: using 'TsEnterprise' as default value", "logger": "TeamSystem.AlyCE" }
{ "time": "2026-07-08 12:33:33.6854", "level": "INFO", "threadid": ".NET TP Worker", "message": "Environment: UserName='admin', CompanyCode='0', Server='ST-VM-02189', Database='GDB_TSE10_2189'", "logger": "TeamSystem.AlyCE" }
{ "time": "2026-07-08 12:33:33.6854", "level": "WARN", "threadid": ".NET TP Worker", "message": "Claim 'TSIDv3:Subject' is 'NULL' for principal 'System.Security.Claims.ClaimsPrincipal'", "logger": "TeamSystem.AlyCE" }
{ "time": "2026-07-08 12:33:33.6854", "level": "INFO", "threadid": ".NET TP Worker", "message": "ConnectionString.ApplicationName NULL: applied default value 'StartupWEBAPI_admin'", "logger": "TeamSystem.AlyCE" }
{ "time": "2026-07-08 12:33:33.6854", "level": "INFO", "threadid": ".NET TP Worker", "message": "Culture explicitely set as 'AlyCEUICulture: it-IT - AlyCECulture: it-IT'; user configurations ignored", "logger": "TeamSystem.AlyCE" }
{ "time": "2026-07-08 12:33:33.6854", "level": "INFO", "threadid": ".NET TP Worker", "environment": "GDB_TSE10_2189", "username": "admin", "company": "0", "message": "check value user from polyedro: '', loginUserId: ''", "logger": "TeamSystem.AlyCE" }
{ "time": "2026-07-08 12:33:33.6854", "level": "WARN", "threadid": ".NET TP Worker", "environment": "GDB_TSE10_2189", "username": "admin", "company": "0", "message": "'ICompanyContract' null for 'aziendaCorrente'='0'", "logger": "TeamSystem.AlyCE" }
{ "time": "2026-07-08 12:33:33.6993", "level": "INFO", "threadid": ".NET TP Worker", "message": "traceId=0HNMSRGJTBLSU:00000009 http_response 200 in 00:00:00.0128753", "logger": "TeamSystem.AlyCE.Services.Requests" }
{ "time": "2026-07-08 12:33:33.6993", "level": "INFO", "threadid": ".NET TP Worker", "message": "traceId=0HNMSRGJTBLSU:0000000A http_request POST /api/v1/GDB_TSE10_2189/fw/reportresources?_op=sync", "logger": "TeamSystem.AlyCE.Services.Requests" }
{ "time": "2026-07-08 12:33:33.6993", "level": "WARN", "threadid": ".NET TP Worker", "message": "Claim TSIDv3:Subject not found in token", "logger": "TeamSystem.AlyCE" }
{ "time": "2026-07-08 12:33:33.7171", "level": "INFO", "threadid": ".NET TP Worker", "message": "check value user from polyedro: '', loginUserId: ''", "logger": "TeamSystem.AlyCE" }
{ "time": "2026-07-08 12:33:33.7171", "level": "INFO", "threadid": ".NET TP Worker", "message": "Incomplete SessionData: param 'company' not found: using '0' as default value", "logger": "TeamSystem.AlyCE" }
{ "time": "2026-07-08 12:33:33.7171", "level": "INFO", "threadid": ".NET TP Worker", "message": "Incomplete SessionData: param 'clientId' not found: using 'TsEnterprise' as default value", "logger": "TeamSystem.AlyCE" }
{ "time": "2026-07-08 12:33:33.7171", "level": "INFO", "threadid": ".NET TP Worker", "message": "Environment: UserName='admin', CompanyCode='0', Server='ST-VM-02189', Database='GDB_TSE10_2189'", "logger": "TeamSystem.AlyCE" }
{ "time": "2026-07-08 12:33:33.7171", "level": "WARN", "threadid": ".NET TP Worker", "message": "Claim 'TSIDv3:Subject' is 'NULL' for principal 'System.Security.Claims.ClaimsPrincipal'", "logger": "TeamSystem.AlyCE" }
{ "time": "2026-07-08 12:33:33.7171", "level": "INFO", "threadid": ".NET TP Worker", "message": "ConnectionString.ApplicationName NULL: applied default value 'StartupWEBAPI_admin'", "logger": "TeamSystem.AlyCE" }
{ "time": "2026-07-08 12:33:33.7171", "level": "INFO", "threadid": ".NET TP Worker", "message": "Culture explicitely set as 'AlyCEUICulture: it-IT - AlyCECulture: it-IT'; user configurations ignored", "logger": "TeamSystem.AlyCE" }
{ "time": "2026-07-08 12:33:33.7171", "level": "INFO", "threadid": ".NET TP Worker", "environment": "GDB_TSE10_2189", "username": "admin", "company": "0", "message": "check value user from polyedro: '', loginUserId: ''", "logger": "TeamSystem.AlyCE" }
{ "time": "2026-07-08 12:33:33.7171", "level": "WARN", "threadid": ".NET TP Worker", "environment": "GDB_TSE10_2189", "username": "admin", "company": "0", "message": "'ICompanyContract' null for 'aziendaCorrente'='0'", "logger": "TeamSystem.AlyCE" }
{ "time": "2026-07-08 12:33:33.7638", "level": "INFO", "threadid": ".NET TP Worker", "environment": "GDB_TSE10_2189", "username": "admin", "company": "0", "message": "Current JR rootpath: /public/teamsystem/enterprise/REL10_BUILDCURRENT", "logger": "TeamSystem.AlyCE" }
{ "time": "2026-07-08 12:33:33.7638", "level": "INFO", "threadid": ".NET TP Worker", "environment": "GDB_TSE10_2189", "username": "admin", "company": "0", "message": "Current JR url: http://localhost/reportserver", "logger": "TeamSystem.AlyCE" }
{ "time": "2026-07-08 12:33:33.7638", "level": "INFO", "threadid": ".NET TP Worker", "environment": "GDB_TSE10_2189", "username": "admin", "company": "0", "message": "Current JR build version: CURRENT -force", "logger": "TeamSystem.AlyCE" }
{ "time": "2026-07-08 12:33:33.7638", "level": "INFO", "threadid": ".NET TP Worker", "environment": "GDB_TSE10_2189", "username": "admin", "company": "0", "message": "Current environment server: SRV:ST-VM-02189-DB:GDB_TSE10_2189-USER:sa-SCOPE:GDB_TSE10_2189", "logger": "TeamSystem.AlyCE" }
{ "time": "2026-07-08 12:33:33.7638", "level": "INFO", "threadid": ".NET TP Worker", "environment": "GDB_TSE10_2189", "username": "admin", "company": "0", "message": "JasperResourceRoot not found in \"AppSettings\": using value \".\"", "logger": "TeamSystem.AlyCE" }
{ "time": "2026-07-08 12:33:33.7638", "level": "INFO", "threadid": ".NET TP Worker", "environment": "GDB_TSE10_2189", "username": "admin", "company": "0", "message": "EnvironmentVariable 'WEBAPI_GE_STARTUP_PATH' NOT FOUND: using value 'E:\\Program Files (x86)\\TeamSystem Software\\Enterprise\\FRAMEWORK\\bin\\..\\EXE\\'", "logger": "TeamSystem.AlyCE" }
{ "time": "2026-07-08 12:33:33.7638", "level": "INFO", "threadid": ".NET TP Worker", "environment": "GDB_TSE10_2189", "username": "admin", "company": "0", "message": "Current JR Source Resource Rootpath: E:\\Program Files (x86)\\TeamSystem Software\\Enterprise", "logger": "TeamSystem.AlyCE" }
{ "time": "2026-07-08 12:33:36.6924", "level": "INFO", "threadid": ".NET TP Worker", "environment": "GDB_TSE10_2189", "username": "admin", "company": "0", "message": "'AppSetting'.'Experimental_DalCollectionQueryUsingIN' FOUND: explicit value 'True' used", "logger": "TeamSystem.AlyCE" }
{ "time": "2026-07-08 12:34:39.7418", "level": "INFO", "threadid": ".NET TP Worker", "message": "traceId=0HNMSRGJTBLSU:0000000A http_response 200 in 00:01:06.0315202", "logger": "TeamSystem.AlyCE.Services.Requests" }
{ "time": "2026-07-08 12:34:39.7418", "level": "INFO", "threadid": ".NET TP Worker", "message": "traceId=0HNMSRGJTBLSU:0000000B http_request GET /api/v1/GDB_TSE10_2189/fw/connectsyncstepstatus/3?company=0", "logger": "TeamSystem.AlyCE.Services.Requests" }
{ "time": "2026-07-08 12:34:39.7418", "level": "WARN", "threadid": ".NET TP Worker", "message": "Claim TSIDv3:Subject not found in token", "logger": "TeamSystem.AlyCE" }
{ "time": "2026-07-08 12:34:39.7418", "level": "INFO", "threadid": ".NET TP Worker", "message": "check value user from polyedro: '', loginUserId: ''", "logger": "TeamSystem.AlyCE" }
{ "time": "2026-07-08 12:34:39.7418", "level": "INFO", "threadid": ".NET TP Worker", "message": "Overridden param 'company' found in 'Request.Query' with value '0", "logger": "TeamSystem.AlyCE" }
{ "time": "2026-07-08 12:34:39.7418", "level": "INFO", "threadid": ".NET TP Worker", "message": "Incomplete SessionData: param 'clientId' not found: using 'TsEnterprise' as default value", "logger": "TeamSystem.AlyCE" }
{ "time": "2026-07-08 12:34:39.7418", "level": "INFO", "threadid": ".NET TP Worker", "message": "Environment: UserName='admin', CompanyCode='0', Server='ST-VM-02189', Database='GDB_TSE10_2189'", "logger": "TeamSystem.AlyCE" }
{ "time": "2026-07-08 12:34:39.7418", "level": "WARN", "threadid": ".NET TP Worker", "message": "Claim 'TSIDv3:Subject' is 'NULL' for principal 'System.Security.Claims.ClaimsPrincipal'", "logger": "TeamSystem.AlyCE" }
{ "time": "2026-07-08 12:34:39.7418", "level": "INFO", "threadid": ".NET TP Worker", "message": "ConnectionString.ApplicationName NULL: applied default value 'StartupWEBAPI_admin'", "logger": "TeamSystem.AlyCE" }
{ "time": "2026-07-08 12:34:39.7418", "level": "INFO", "threadid": ".NET TP Worker", "message": "Culture explicitely set as 'AlyCEUICulture: it-IT - AlyCECulture: it-IT'; user configurations ignored", "logger": "TeamSystem.AlyCE" }
{ "time": "2026-07-08 12:34:39.7537", "level": "INFO", "threadid": ".NET TP Worker", "environment": "GDB_TSE10_2189", "username": "admin", "company": "0", "message": "check value user from polyedro: '', loginUserId: ''", "logger": "TeamSystem.AlyCE" }
{ "time": "2026-07-08 12:34:39.7537", "level": "WARN", "threadid": ".NET TP Worker", "environment": "GDB_TSE10_2189", "username": "admin", "company": "0", "message": "'ICompanyContract' null for 'aziendaCorrente'='0'", "logger": "TeamSystem.AlyCE" }
{ "time": "2026-07-08 12:34:39.7537", "level": "INFO", "threadid": ".NET TP Worker", "message": "traceId=0HNMSRGJTBLSU:0000000B http_response 200 in 00:00:00.0133634", "logger": "TeamSystem.AlyCE.Services.Requests" }
{ "time": "2026-07-08 12:34:39.7537", "level": "INFO", "threadid": ".NET TP Worker", "message": "traceId=0HNMSRGJTBLSU:0000000C http_request POST /api/v1/GDB_TSE10_2189/fw/alyanteconfiguration?_op=get_app_versions&company=0", "logger": "TeamSystem.AlyCE.Services.Requests" }
{ "time": "2026-07-08 12:34:39.7537", "level": "WARN", "threadid": ".NET TP Worker", "message": "Claim TSIDv3:Subject not found in token", "logger": "TeamSystem.AlyCE" }
{ "time": "2026-07-08 12:34:39.7750", "level": "INFO", "threadid": ".NET TP Worker", "message": "check value user from polyedro: '', loginUserId: ''", "logger": "TeamSystem.AlyCE" }
{ "time": "2026-07-08 12:34:39.7750", "level": "INFO", "threadid": ".NET TP Worker", "message": "Overridden param 'company' found in 'Request.Query' with value '0", "logger": "TeamSystem.AlyCE" }
{ "time": "2026-07-08 12:34:39.7750", "level": "INFO", "threadid": ".NET TP Worker", "message": "Incomplete SessionData: param 'clientId' not found: using 'TsEnterprise' as default value", "logger": "TeamSystem.AlyCE" }
{ "time": "2026-07-08 12:34:39.7750", "level": "INFO", "threadid": ".NET TP Worker", "message": "Environment: UserName='admin', CompanyCode='0', Server='ST-VM-02189', Database='GDB_TSE10_2189'", "logger": "TeamSystem.AlyCE" }
{ "time": "2026-07-08 12:34:39.7750", "level": "WARN", "threadid": ".NET TP Worker", "message": "Claim 'TSIDv3:Subject' is 'NULL' for principal 'System.Security.Claims.ClaimsPrincipal'", "logger": "TeamSystem.AlyCE" }
{ "time": "2026-07-08 12:34:39.7750", "level": "INFO", "threadid": ".NET TP Worker", "message": "ConnectionString.ApplicationName NULL: applied default value 'StartupWEBAPI_admin'", "logger": "TeamSystem.AlyCE" }
{ "time": "2026-07-08 12:34:39.7750", "level": "INFO", "threadid": ".NET TP Worker", "message": "Culture explicitely set as 'AlyCEUICulture: it-IT - AlyCECulture: it-IT'; user configurations ignored", "logger": "TeamSystem.AlyCE" }
{ "time": "2026-07-08 12:34:39.7750", "level": "INFO", "threadid": ".NET TP Worker", "environment": "GDB_TSE10_2189", "username": "admin", "company": "0", "message": "check value user from polyedro: '', loginUserId: ''", "logger": "TeamSystem.AlyCE" }
{ "time": "2026-07-08 12:34:39.7750", "level": "INFO", "threadid": ".NET TP Worker", "environment": "GDB_TSE10_2189", "username": "admin", "company": "0", "message": "EnvironmentVariable 'WEBAPI_GE_STARTUP_PATH' NOT FOUND: using value 'E:\\Program Files (x86)\\TeamSystem Software\\Enterprise\\FRAMEWORK\\bin\\..\\EXE\\'", "logger": "TeamSystem.AlyCE" }
{ "time": "2026-07-08 12:34:39.7847", "level": "WARN", "threadid": ".NET TP Worker", "environment": "GDB_TSE10_2189", "username": "admin", "company": "0", "message": "'ICompanyContract' null for 'aziendaCorrente'='0'", "logger": "TeamSystem.AlyCE" }
{ "time": "2026-07-08 12:34:41.7990", "level": "WARN", "threadid": ".NET TP Worker", "environment": "GDB_TSE10_2189", "username": "admin", "company": "0", "message": "'getversion' return '0' - Error: System.Net.Http.HttpRequestException: No connection could be made because the target machine actively refused it. (127.0.0.1:9090)\\CRLF ---> System.Net.Sockets.SocketException (10061): No connection could be made because the target machine actively refused it.\\CRLF   at System.Net.Sockets.Socket.AwaitableSocketAsyncEventArgs.ThrowException(SocketError error, CancellationToken cancellationToken)\\CRLF   at System.Net.Sockets.Socket.AwaitableSocketAsyncEventArgs.System.Threading.Tasks.Sources.IValueTaskSource.GetResult(Int16 token)\\CRLF   at System.Net.Sockets.Socket.<ConnectAsync>g__WaitForConnectWithCancellation|285_0(AwaitableSocketAsyncEventArgs saea, ValueTask connectTask, CancellationToken cancellationToken)\\CRLF   at System.Net.Http.HttpConnectionPool.ConnectToTcpHostAsync(String host, Int32 port, HttpRequestMessage initialRequest, Boolean async, CancellationToken cancellationToken)\\CRLF   --- End of inner exception stack trace ---\\CRLF   at System.Net.Http.HttpConnectionPool.ConnectToTcpHostAsync(String host, Int32 port, HttpRequestMessage initialRequest, Boolean async, CancellationToken cancellationToken)\\CRLF   at System.Net.Http.HttpConnectionPool.ConnectAsync(HttpRequestMessage request, Boolean async, CancellationToken cancellationToken)\\CRLF   at System.Net.Http.HttpConnectionPool.CreateHttp11ConnectionAsync(HttpRequestMessage request, Boolean async, CancellationToken cancellationToken)\\CRLF   at System.Net.Http.HttpConnectionPool.AddHttp11ConnectionAsync(QueueItem queueItem)\\CRLF   at System.Threading.Tasks.TaskCompletionSourceWithCancellation`1.WaitWithCancellationAsync(CancellationToken cancellationToken)\\CRLF   at System.Net.Http.HttpConnectionPool.SendWithVersionDetectionAndRetryAsync(HttpRequestMessage request, Boolean async, Boolean doRequestAuth, CancellationToken cancellationToken)\\CRLF   at System.Net.Http.DiagnosticsHandler.SendAsyncCore(HttpRequestMessage request, Boolean async, CancellationToken cancellationToken)\\CRLF   at System.Net.Http.RedirectHandler.SendAsync(HttpRequestMessage request, Boolean async, CancellationToken cancellationToken)\\CRLF   at System.Net.Http.DecompressionHandler.SendAsync(HttpRequestMessage request, Boolean async, CancellationToken cancellationToken)\\CRLF   at System.Net.Http.HttpClient.<SendAsync>g__Core|83_0(HttpRequestMessage request, HttpCompletionOption completionOption, CancellationTokenSource cts, Boolean disposeCts, CancellationTokenSource pendingRequestsCts, CancellationToken originalCancellationToken)\\CRLF   at RestSharp.RestClient.ExecuteRequestAsync(RestRequest request, CancellationToken cancellationToken)", "logger": "TeamSystem.AlyCE.Biz.FW_FrameworkData" }
{ "time": "2026-07-08 12:34:42.2026", "level": "INFO", "threadid": ".NET TP Worker", "message": "traceId=0HNMSRGJTBLSU:0000000C http_response 200 in 00:00:02.4390299", "logger": "TeamSystem.AlyCE.Services.Requests" }
{ "time": "2026-07-08 13:00:00.4481", "level": "INFO", "threadid": ".NET TP Worker", "message": "ConnectionString.ApplicationName NULL: applied default value 'StartupWEBAPI_admin'", "logger": "TeamSystem.AlyCE" }
{ "time": "2026-07-08 13:00:00.5292", "level": "INFO", "threadid": ".NET TP Worker", "message": "Culture explicitely set as 'AlyCEUICulture: it-IT - AlyCECulture: it-IT'; user configurations ignored", "logger": "TeamSystem.AlyCE" }
{ "time": "2026-07-08 13:00:00.5516", "level": "WARN", "threadid": ".NET TP Worker", "environment": "GDB_TSE10_2189", "username": "admin", "company": "0", "message": "MakeSubscriptionOptions - A FW Job has been invoked but it would be good to specify the destination input module!", "logger": "TeamSystem.AlyCE" }
{ "time": "2026-07-08 13:00:00.5932", "level": "INFO", "threadid": ".NET Long Running Task", "environment": "GDB_TSE10_2189", "username": "admin", "company": "0", "message": "ConnectionString.ApplicationName NULL: applied default value 'StartupWEBAPI_admin'", "logger": "TeamSystem.AlyCE" }
{ "time": "2026-07-08 13:00:00.5954", "level": "INFO", "threadid": ".NET Long Running Task", "environment": "GDB_TSE10_2189", "username": "admin", "company": "0", "message": "Culture explicitely set as 'AlyCEUICulture: it-IT - AlyCECulture: it-IT'; user configurations ignored", "logger": "TeamSystem.AlyCE" }
{ "time": "2026-07-08 13:00:00.5954", "level": "WARN", "threadid": ".NET Long Running Task", "environment": "GDB_TSE10_2189", "username": "admin", "company": "0", "message": "'ICompanyContract' null for 'aziendaCorrente'='0'", "logger": "TeamSystem.AlyCE" }
{ "time": "2026-07-08 13:00:00.6250", "level": "INFO", "threadid": ".NET Long Running Task", "environment": "GDB_TSE10_2189", "username": "admin", "company": "0", "message": "ExecuteInternal of CleanProcessingJob started with payload {}", "logger": "TeamSystem.AlyCE" }
{ "time": "2026-07-08 13:00:00.6355", "level": "INFO", "threadid": ".NET Long Running Task", "environment": "GDB_TSE10_2189", "username": "admin", "company": "0", "message": "Job executed CLEAN_PROCESSING_DETAILS id: 127673 in 00:00:00.0172783", "logger": "TeamSystem.AlyCE.Services.Requests" }
{ "time": "2026-07-08 13:32:00.0045", "level": "INFO", "threadid": ".NET TP Worker", "message": "ConnectionString.ApplicationName NULL: applied default value 'StartupWEBAPI_admin'", "logger": "TeamSystem.AlyCE" }
{ "time": "2026-07-08 13:32:00.0127", "level": "INFO", "threadid": ".NET TP Worker", "message": "Culture explicitely set as 'AlyCEUICulture: it-IT - AlyCECulture: it-IT'; user configurations ignored", "logger": "TeamSystem.AlyCE" }
{ "time": "2026-07-08 13:32:00.0127", "level": "WARN", "threadid": ".NET TP Worker", "environment": "GDB_TSE10_2189", "username": "admin", "company": "0", "message": "MakeSubscriptionOptions - A FW Job has been invoked but it would be good to specify the destination input module!", "logger": "TeamSystem.AlyCE" }
{ "time": "2026-07-08 13:32:00.0439", "level": "INFO", "threadid": ".NET Long Running Task", "message": "ConnectionString.ApplicationName NULL: applied default value 'StartupWEBAPI_admin'", "logger": "TeamSystem.AlyCE" }
{ "time": "2026-07-08 13:32:00.0439", "level": "INFO", "threadid": ".NET Long Running Task", "message": "Culture explicitely set as 'AlyCEUICulture: it-IT - AlyCECulture: it-IT'; user configurations ignored", "logger": "TeamSystem.AlyCE" }
{ "time": "2026-07-08 13:32:00.0439", "level": "WARN", "threadid": ".NET Long Running Task", "environment": "GDB_TSE10_2189", "username": "admin", "company": "0", "message": "'ICompanyContract' null for 'aziendaCorrente'='0'", "logger": "TeamSystem.AlyCE" }
{ "time": "2026-07-08 13:32:00.0710", "level": "INFO", "threadid": ".NET Long Running Task", "environment": "GDB_TSE10_2189", "username": "admin", "company": "0", "message": "ExecuteInternal of CleanProcessingJob started with payload {}", "logger": "TeamSystem.AlyCE" }
{ "time": "2026-07-08 13:32:00.0710", "level": "INFO", "threadid": ".NET Long Running Task", "environment": "GDB_TSE10_2189", "username": "admin", "company": "0", "message": "Job executed CLEAN_PROCESSING_DETAILS id: 127674 in 00:00:00.0127291", "logger": "TeamSystem.AlyCE.Services.Requests" }
{ "time": "2026-07-08 14:02:00.0047", "level": "INFO", "threadid": ".NET TP Worker", "message": "ConnectionString.ApplicationName NULL: applied default value 'StartupWEBAPI_admin'", "logger": "TeamSystem.AlyCE" }
{ "time": "2026-07-08 14:02:00.0047", "level": "INFO", "threadid": ".NET TP Worker", "message": "Culture explicitely set as 'AlyCEUICulture: it-IT - AlyCECulture: it-IT'; user configurations ignored", "logger": "TeamSystem.AlyCE" }
{ "time": "2026-07-08 14:02:00.0047", "level": "WARN", "threadid": ".NET TP Worker", "environment": "GDB_TSE10_2189", "username": "admin", "company": "0", "message": "MakeSubscriptionOptions - A FW Job has been invoked but it would be good to specify the destination input module!", "logger": "TeamSystem.AlyCE" }
{ "time": "2026-07-08 14:02:00.0361", "level": "INFO", "threadid": ".NET Long Running Task", "environment": "GDB_TSE10_2189", "username": "admin", "company": "0", "message": "ConnectionString.ApplicationName NULL: applied default value 'StartupWEBAPI_admin'", "logger": "TeamSystem.AlyCE" }
{ "time": "2026-07-08 14:02:00.0361", "level": "INFO", "threadid": ".NET Long Running Task", "environment": "GDB_TSE10_2189", "username": "admin", "company": "0", "message": "Culture explicitely set as 'AlyCEUICulture: it-IT - AlyCECulture: it-IT'; user configurations ignored", "logger": "TeamSystem.AlyCE" }
{ "time": "2026-07-08 14:02:00.0361", "level": "WARN", "threadid": ".NET Long Running Task", "environment": "GDB_TSE10_2189", "username": "admin", "company": "0", "message": "'ICompanyContract' null for 'aziendaCorrente'='0'", "logger": "TeamSystem.AlyCE" }
{ "time": "2026-07-08 14:02:00.0619", "level": "INFO", "threadid": ".NET Long Running Task", "environment": "GDB_TSE10_2189", "username": "admin", "company": "0", "message": "ExecuteInternal of CleanProcessingJob started with payload {}", "logger": "TeamSystem.AlyCE" }
{ "time": "2026-07-08 14:02:00.0697", "level": "INFO", "threadid": ".NET Long Running Task", "environment": "GDB_TSE10_2189", "username": "admin", "company": "0", "message": "Job executed CLEAN_PROCESSING_DETAILS id: 127675 in 00:00:00.0136442", "logger": "TeamSystem.AlyCE.Services.Requests" }
{ "time": "2026-07-08 14:32:00.0066", "level": "INFO", "threadid": ".NET TP Worker", "message": "ConnectionString.ApplicationName NULL: applied default value 'StartupWEBAPI_admin'", "logger": "TeamSystem.AlyCE" }
{ "time": "2026-07-08 14:32:00.0249", "level": "INFO", "threadid": ".NET TP Worker", "message": "Culture explicitely set as 'AlyCEUICulture: it-IT - AlyCECulture: it-IT'; user configurations ignored", "logger": "TeamSystem.AlyCE" }
{ "time": "2026-07-08 14:32:00.0455", "level": "WARN", "threadid": ".NET TP Worker", "environment": "GDB_TSE10_2189", "username": "admin", "company": "0", "message": "MakeSubscriptionOptions - A FW Job has been invoked but it would be good to specify the destination input module!", "logger": "TeamSystem.AlyCE" }
{ "time": "2026-07-08 14:32:00.1418", "level": "INFO", "threadid": ".NET Long Running Task", "environment": "GDB_TSE10_2189", "username": "admin", "company": "0", "message": "ConnectionString.ApplicationName NULL: applied default value 'StartupWEBAPI_admin'", "logger": "TeamSystem.AlyCE" }
{ "time": "2026-07-08 14:32:00.1418", "level": "INFO", "threadid": ".NET Long Running Task", "environment": "GDB_TSE10_2189", "username": "admin", "company": "0", "message": "Culture explicitely set as 'AlyCEUICulture: it-IT - AlyCECulture: it-IT'; user configurations ignored", "logger": "TeamSystem.AlyCE" }
{ "time": "2026-07-08 14:32:00.1548", "level": "WARN", "threadid": ".NET Long Running Task", "environment": "GDB_TSE10_2189", "username": "admin", "company": "0", "message": "'ICompanyContract' null for 'aziendaCorrente'='0'", "logger": "TeamSystem.AlyCE" }
{ "time": "2026-07-08 14:32:00.2089", "level": "INFO", "threadid": ".NET Long Running Task", "environment": "GDB_TSE10_2189", "username": "admin", "company": "0", "message": "ExecuteInternal of CleanProcessingJob started with payload {}", "logger": "TeamSystem.AlyCE" }
{ "time": "2026-07-08 14:32:00.2192", "level": "INFO", "threadid": ".NET Long Running Task", "environment": "GDB_TSE10_2189", "username": "admin", "company": "0", "message": "Job executed CLEAN_PROCESSING_DETAILS id: 127676 in 00:00:00.0208737", "logger": "TeamSystem.AlyCE.Services.Requests" }
{"time":"2026-07-08 15:08:53.8013","level":"INFO","threadid":"2","message":"NLog.config path: E:\\Program Files (x86)\\TeamSystem Software\\Enterprise\\FRAMEWORK\\bin\\NLog.config","logger":"TeamSystem.AlyCE"}
{"time":"2026-07-08 15:08:53.8836","level":"INFO","threadid":"2","message":"Load configuration from 'E:\\Program Files (x86)\\TeamSystem Software\\Enterprise\\FRAMEWORK\\bin'","logger":"TeamSystem.AlyCE"}
{"time":"2026-07-08 15:08:54.2300","level":"INFO","threadid":"2","message":"After parser UserInteractive: True RunAsConsole: False","logger":"TeamSystem.AlyCE"}
